_id,Name,Legal Name,Start Date,Street Number,Street Name,ZIP Code,Lat,Lon,Category
1,Adrian's Pizza,,11/7/2014,605,Thompson Run Rd,15237,40.5394650,-79.9907640,Take Out
2,Adrian's Pizza Express,Rock Enterprises Inc,4/22/2004,7824,Perry Hwy,15237,40.5512190,-80.0373620,Take Out
3,Allegheny Sandwich Shop,,2/24/1997,414,Grant St,15219,40.4381100,-79.9968600,NO Dollar Menu
4,Allegheny Sandwich Shoppe #3,Allegheny Sandwich Shoppe Inc,11/9/2001,440,Ross St,15219,40.4385140,-79.9953300,NO Dollar Menu
5,Amili's Pizzeria,,2/26/1999,1021,Brownsville Rd,15210,40.4060820,-79.9918630,Take Out
6,Angelia's Pizza,JNG Pizza LLC,5/11/2004,202,Moon Clinton Rd,15108,40.5131350,-80.2234060,Take Out
7,Angelia's Pizza / Chill Frozen Dessserts,Eaton Pizza Inc,10/7/2005,410,Penn Lincoln Dr,15126,40.4424660,-80.2359920,Take Out
8,Antney's Ice Cream,The Iceman Inc,4/11/2002,1316,Poplar St,15205,40.4274700,-80.0524350,"Breakfast, Drink, Other"
9,Arby's,Kinco Inc,1/1/1975,1617,Freeport Rd,15065,40.6221250,-79.7275160,Dollar Menu
10,Arby's #8,Linell Corporation,12/3/2007,3974,Wm Penn Hwy,15146,40.4379880,-79.7728450,Dollar Menu
11,Arby's #42,ARG Co.,7/10/1997,1378,Banksville Rd,15216,40.4146840,-80.0306510,Dollar Menu
12,Arby's #164,ARG Co.,7/9/1997,3417,Forbes Ave,15213,40.4391750,-79.9607090,Dollar Menu
13,Arby's #836,ARG Co.,6/17/1984,1140,Washington Pike,15017,40.3679000,-80.1031720,Dollar Menu
14,Arby's #1203,ARG Co.,7/9/1997,2251,Noblestown Rd,15205,40.4285090,-80.0531000,Dollar Menu
15,Arby's #1414,ARG Co.,7/9/1997,6192,Steubenville Pike,15136,40.4458080,-80.1506310,Dollar Menu
16,Arby's #1691,ARG Co.,7/10/1997,5030,Wm Flynn Hwy,15044,40.6068090,-79.9467190,Dollar Menu
17,Arby's #1773,Arby's Restaurant Group,1/15/2016,19075,Perry Hwy,16046,40.6225913,-80.0533722,Dollar Menu
18,Arby's #1853,ARG Co.,7/9/1997,3700,Library Rd,15234,40.3649920,-80.0203330,Dollar Menu
19,Arby's #1854,ARG Co.,7/10/1997,1911,S Braddock Ave,15218,40.4227210,-79.8856110,Dollar Menu
20,Arby's #1858,ARG Co.,7/7/1997,6105,Saltsburg Rd,15147,40.4846920,-79.8191760,Dollar Menu
21,Arby's #6941,ARG Co.,8/6/1999,2040,Lebanon Church Rd,15122,40.3478100,-79.9486100,Dollar Menu
22,Arby's #7345,ARG Co.,10/15/2002,4260,Ohio River Blvd,15202,40.4876730,-80.0556790,Dollar Menu
23,Arby's #7502,ARG Co.,1/21/2004,1804,Golden Mile Hwy / Rt 286,15239,40.4465500,-79.7130770,Dollar Menu
24,Arby's #7548,ARG Co.,5/26/2004,450,Clairton Blvd,15236,40.3380770,-79.9789610,Dollar Menu
25,Arby's #7550,ARG Co.,5/26/2004,4810,McKnight Rd,15237,40.5253840,-80.0049770,Dollar Menu
26,Arby's #7633,ARG Co,7/29/2005,5205,Library Rd,15102,40.3339040,-80.0236110,Dollar Menu
27,Arby's #7678,RTM Operating Company,12/20/2005,2831,Jacks Run Rd,15131,40.3386280,-79.8062340,Dollar Menu
28,Arby's #8042,ARG Co,11/24/2008,9100,University Blvd,15108,40.5024990,-80.2226380,Dollar Menu
29,Arby's #8436,,1/12/2015,808,Liberty Ave,15222,40.4425160,-79.9987470,Dollar Menu
30,Auntie Anne's,Romco Inc,2/25/2009,3075,Clairton Blvd / Century III Mall,15123,40.3402910,-79.9385220,"Breakfast, Drink, Other"
31,Auntie Anne's,MM Pretzels LLC,11/1/2002,309,Monroeville Mall,15146,40.4267470,-79.7949300,"Breakfast, Drink, Other"
32,Auntie Anne's / Cinnabon,EPOCH 5,3/30/2012,,Pgh Intl Airport / Ne-1,15231,40.4953090,-80.2352910,"Breakfast, Drink, Other"
33,Auntie Anne's #Pa-219,Romco Inc,7/5/2005,110,Pittsburgh Mills Cir,15084,40.6378150,-79.7960520,"Breakfast, Drink, Other"
34,Auntie Anne's FC-9,Romco Corp,11/4/2003,100,Robinson Center Dr,15205,40.4541240,-80.1611640,"Breakfast, Drink, Other"
35,Auntie Anne's Kiosk,Romco Inc,9/29/2004,100,Robinson Center Dr,15205,40.4541240,-80.1611640,"Breakfast, Drink, Other"
36,Auntie Anne's Pa #163,Romco Inc,3/2/2009,1000,Ross Park Mall Dr,15232,40.5445590,-80.0087390,"Breakfast, Drink, Other"
37,Auntie Anne's Pretzels,M M Pretzels LLC,2/26/2003,200,Monroeville Mall (Food Court),15146,40.4324710,-79.7512030,"Breakfast, Drink, Other"
38,Auntie Anne's Pretzels #PA287,Monroeville Mall Pretzel,10/18/2013,,Monroville Mall,15146,40.4309550,-79.7946370,"Breakfast, Drink, Other"
39,Auntie Anne's Pretzels PA 253-- Upper Level,Romco Inc,10/29/2009,301,South Hills Village Kiosk Upper Level,15241,40.3205700,-80.0870150,"Breakfast, Drink, Other"
40,Bartram House Bakery,Warne Foods LLC,10/5/2011,2000,Village Run Rd,15090,40.6333310,-80.0563710,"Breakfast, Drink, Other"
41,Bartram House Bakery & Cafe,Bartram House Southside Corp,9/3/2014,2612,Carson St,15203,40.4270930,-79.9681590,"Breakfast, Drink, Other"
42,Baskin-Robbins #765,Dean Ann Inc,10/3/1987,1110,Freeport Rd,15238,40.4876180,-79.8819260,"Breakfast, Drink, Other"
43,Ben & Jerry's,The Ice Cream Shoppe on Forbes LLC,7/20/2012,936,Penn Ave,15222,40.4439210,-79.9966990,"Breakfast, Drink, Other"
44,Big Kmart - Little Caesars #9438,Kmart Corp,9/15/2000,720,Clairton Blvd,15236,40.3267280,-79.9456870,Take Out
45,Big Shot Bob's,,10/24/2007,344,Union Ave,15202,40.5036910,-80.0618460,Take Out
46,Big Shot Bob's House of Wings,Big Shot Bob's House of Wings Inc,11/10/2010,1534,5th Ave,15108,40.5134210,-80.1541360,Take Out
47,Big Shot Bob's Sandwich Shop,,11/24/2015,1006,Washington Ave,15106,40.3988290,-80.0829500,Take Out
48,Bishop's Pizza,,9/26/2001,428,Lebanon Rd,15122,40.3704340,-79.9281680,Take Out
49,Bishop's Pizza,Bishop's Pizza Inc,10/28/1991,114,Whitaker St,15120,40.4010290,-79.8879130,Take Out
50,Bishop's Pizza,,10/8/1990,1416,Lincoln Hwy,15137,40.3744542,-79.7962111,Take Out
51,Bishop's Pizza #9,,8/13/2009,1811,Golden Mile Hwy,15239,40.4472170,-79.7144630,Take Out
52,Bishop's Pizza #10,Bishop's Pizza Inc,10/15/2010,614,Walnut Ave,15025,40.3047950,-79.8933590,Take Out
53,Blaze Pizza,Fire Pitt Pizza LLC,5/23/2016,3939,William Penn Hwy,15146,40.4381200,-79.7762200,Take Out
54,Blue Canary Coffee House,Blue Canary Cafe LLC,8/3/2015,300,Mt Lebanon Blvd,15234,40.3687360,-80.0341720,"Breakfast, Drink, Other"
55,Bob's Sub,Bob's Sub Inc,10/11/2012,215,Smithfield St,15222,40.4381480,-80.0002040,NO Dollar Menu
56,Bob's Sub,Bob's Sub Inc,8/17/2015,2015,Pittsburgh Mills Blvd,15084,40.6378150,-79.7960520,NO Dollar Menu
57,Bob's Sub,Bob's Sub Inc,7/30/2014,1713,Freeport Rd,15065,40.6237490,-79.7252480,NO Dollar Menu
58,Boonda's Hometown Pizza,,1/17/2007,5622,Homeville Rd Unit B,15122,40.3682100,-79.8724420,Take Out
59,Boston Market #146,Boston Market Corp,6/19/2000,3776,Wm Penn Hwy,15146,40.4357230,-79.7852010,NO Dollar Menu
60,Boston Market #266,Boston Market Corp,6/19/2000,98,Clairton Blvd,15236,40.3380770,-79.9789610,NO Dollar Menu
61,Boston Market #0270,Boston Market Corp,6/19/2000,5200,Baum Blvd,15224,40.4555940,-79.9415490,NO Dollar Menu
62,Boston Market #410,Boston Market Corp,6/19/2000,978,Greentree Rd,15220,40.4180720,-80.0460160,NO Dollar Menu
63,Boston Market #3206,Boston Market Corp,6/14/2002,300,Davis Blvd,15275,40.4950130,-79.9588150,NO Dollar Menu
64,Bourbon St Cafe,Golden Dove Inc,5/5/1997,200,Monroeville Mall,15146,40.4291830,-79.7954590,"Breakfast, Drink, Other"
65,Brighton Hot Dog Shoppe,HDS Of Moon Inc,10/23/1995,5990,University Blvd #11,15108,40.5212670,-80.2197770,NO Dollar Menu
66,Brighton Hot Dog Shoppe,Tr Kurtz LLC,9/19/2007,2401,Noblestown Rd,15205,40.4268560,-80.0572690,NO Dollar Menu
67,Bruegger's Bagel Bakery,Bruegger's Enterprises Inc,1/16/1996,1134,Thorn Run Ext,15108,40.5052490,-80.2085260,"Breakfast, Drink, Other"
68,Bruegger's Bagel Bakery,Bruegger's Enterprises Inc,10/11/1994,422,Beaver St,15143,40.5406080,-80.1811780,"Breakfast, Drink, Other"
69,Bruegger's Bagel Bakery,Bruegger's Enterprises Inc,11/19/1993,1644,Cochran Rd,15220,40.3925120,-80.0615810,"Breakfast, Drink, Other"
70,Bruegger's Bagel Bakery,Bruegger's Enterprises Inc,12/18/1995,5213,Library Rd,15102,40.3341400,-80.0240690,"Breakfast, Drink, Other"
71,Bruegger's Bagel Bakery,Bruegger's Enterprises Inc,11/24/1993,4885,McKnight Rd,15237,40.5296160,-80.0100250,"Breakfast, Drink, Other"
72,Bruegger's Bagel Bakery,Bruegger's Enterprises Inc,4/18/1995,25,Market Pl,15222,40.4411410,-80.0030930,"Breakfast, Drink, Other"
73,Bruegger's Bagel Bakery,Bruegger's Enterprises Inc,12/28/1994,429,4th Ave,15219,40.4385160,-79.9983550,"Breakfast, Drink, Other"
74,Bruegger's Bagel Bakery,Bruegger's Enterprises Inc,8/3/1995,411,7th Ave,15219,40.4428900,-79.9962840,"Breakfast, Drink, Other"
75,Bruegger's Bagel Bakery,Bruegger's Enterprises Inc,2/25/1998,1801,E Carson St,15203,40.4289340,-79.9803000,"Breakfast, Drink, Other"
76,Bruegger's Bagel Bakery,Bruegger's Enterprises Inc,2/19/1998,5217,Clairton Blvd,15236,40.3441960,-79.9709640,"Breakfast, Drink, Other"
77,Bruegger's Bagel Bakery,Bruegger's Enterprises Inc,11/15/1992,3714,Forbes Ave,15213,40.4412760,-79.9569530,"Breakfast, Drink, Other"
78,Bruegger's Bagel Bakery,Bruegger's Enterprises Inc,1/21/1997,806,S Aiken St,15232,40.4507250,-79.9357240,"Breakfast, Drink, Other"
79,Bruegger's Bagel Bakery,Bruegger's Enterprises Inc,1/18/1993,1719,Murray Ave,15217,40.4374420,-79.9228100,"Breakfast, Drink, Other"
80,Bruegger's Bagel Bakery #064,Bruegger's Enterprises LLC,6/7/1993,1720,Washington Rd,15241,40.3481440,-80.0538250,"Breakfast, Drink, Other"
81,Bruegger's Bagel Bakery #102,Bruegger's Enterprises Inc,6/20/1994,531,Grant St,15219,40.4406360,-79.9966300,"Breakfast, Drink, Other"
82,Bruster's,Creamery Mgt Inc,7/24/2001,9600,Perry Hwy,15237,40.5814510,-80.0370140,"Breakfast, Drink, Other"
83,Bruster's #034,Swirl of Pittsburgh LLC,2/12/2016,493,Lowries Run Rd,15237,40.5337440,-80.0497690,"Breakfast, Drink, Other"
84,Bruster's Ice Cream,Gillner Enterprises LLC,6/26/2002,4937,Wm Flynn Hwy,15044,40.6041200,-79.9471960,"Breakfast, Drink, Other"
85,Bruster's Ice Cream # 324,Sharp5 LLC,8/26/2009,4940,Library Rd,15102,40.3438150,-80.0274300,"Breakfast, Drink, Other"
86,Buon Giorno Cafe,Buon Giorno Cafe Inc,9/5/1997,20,Stanwix St,15222,40.4386700,-80.0051790,"Breakfast, Drink, Other"
87,Buon Giorno Cafe,Boston Conquest Inc,12/30/2015,6,Smithfield St,15222,40.4368650,-80.0005120,"Breakfast, Drink, Other"
88,Burger King #463,5 Development Corp,10/24/1986,4885,Wm Flynn Hwy,15101,40.6019370,-79.9477690,Dollar Menu
89,Burger King #668,Carrols LLC,7/1/2014,909,Butler St,15223,40.5111660,-79.9474640,Dollar Menu
90,Burger King #670,Carrols LLC,7/12/2014,1002,Emeryville Dr,16046,40.6729900,-80.1003350,Dollar Menu
91,Burger King #671,Carrols LLC,6/24/2014,105,Ohio River Blvd,15143,40.5593730,-80.1651850,Dollar Menu
92,Burger King #2249,5 Development Corp Burger King,1/1/1980,1901,Golden Mile Hwy / Route 286,15239,40.4522150,-79.7129420,Dollar Menu
93,Burger King #2546,PEC Management LLC,6/29/2009,2799,Freeport Rd,15238,40.5385330,-79.8332570,Dollar Menu
94,Burger King #2679,Toms King (Penn) LLC,4/26/2012,10955,Perry Hwy,15090,40.6174967,-80.0561118,Dollar Menu
95,Burger King #3030,Toms King (Penn) LLC,4/25/2012,1901,Lincoln Hwy,15137,40.3682810,-79.7774850,Dollar Menu
96,Burger King #3855,,6/17/1984,2900,Brownsville Rd,15210,40.3823670,-79.9769140,Dollar Menu
97,Burger King #4192,Toms King LLC Penn,2/13/2014,1820,Carson St,15203,40.4284480,-79.9795410,Dollar Menu
98,Burger King #4350,Kondisko & Hoover Inc,4/8/1985,3220,Library Rd,15234,40.3696600,-80.0116160,Dollar Menu
99,Burger King #7351,5 Development Corp,8/27/1992,4490,Broadway Blvd,15146,40.3915060,-79.7665880,Dollar Menu
100,Burger King #11346,Patterson Erie Corp,11/21/1997,5940,University Blvd,15108,40.5218570,-80.2180240,Dollar Menu
101,Burger King #11672,Tom King (Penn) LLC,5/16/2012,415,Home Dr,15275,40.4502830,-80.1820530,Dollar Menu
102,Burger King #12195,Toms King (Penn) LLC,4/25/2012,121,Walmart Dr,15137,40.3862120,-79.8218300,Dollar Menu
103,Burger King #12789,Toms King (Penn) LLC,4/25/2012,5240,Library Rd,15102,40.3314390,-80.0231070,Dollar Menu
104,Burger King # 17292,PEC Management LLC,10/13/2009,920,Ohio River Blvd,15202,40.4949870,-80.0662640,Dollar Menu
105,Cafe 4350,AVI Food / Systems,1/29/2013,4350,Northern Pike,15146,40.4247021,-79.7412095,"Breakfast, Drink, Other"
106,Cafe Du Jour,,2/1/2002,1107,E Carson St,15203,40.4288950,-79.9871450,"Breakfast, Drink, Other"
107,Calibrations Cafe,Parkhurst Dining Services Inc,5/8/2015,1,Life Way,15205,40.4398260,-80.1580566,"Breakfast, Drink, Other"
108,CCAC West Hills Cafe,AVI Foodsystems Inc,3/13/2012,1000,McKee Rd,15071,40.4369610,-80.1932370,"Breakfast, Drink, Other"
109,Chan An Restaurant,,9/30/1993,2013,Wharton St,15203,40.4303810,-79.9772630,Take Out
110,Chan An Restaurants,,6/27/1991,37,Walsh Rd,15205,40.4393120,-80.0710780,Take Out
111,Charley's Grilled Subs #170,"Charley's Steakery, Inc.",2/17/2012,200,Monroeville Mall,15146,40.4291830,-79.7954590,Take Out
112,Charley's Grilled Subs #363,CSI,11/1/2011,447,Pittsburgh Mills Cir,15084,40.6378150,-79.7960520,Take Out
113,Charley's Grilled Subs #448,Charley's Steakery Inc,3/8/2012,1000,Ross Park Mall Dr,15237,40.5389690,-80.0077110,Take Out
114,Charley's Grilled Subs #466,Charley's Steakery Inc,10/5/2007,100,Robinson Center Dr,15205,40.4541240,-80.1611640,Take Out
115,Charley's Grilled Subs #472,Janisco Inc,6/14/2007,,Pgh Intl Airport / Ac-02c,15231,40.4953090,-80.2352910,Take Out
116,Charley's Grilled Subs #530,Fap Clairmont LLC,7/14/2008,120,5th Ave,15222,40.4418880,-80.0034430,Take Out
117,Charley's Philly Steaks #4,Charley's Steakery Of Pa,11/16/1989,3075,Clairton Blvd / Century III Mall / Rm 736,15123,40.3402910,-79.9385220,Take Out
118,Chick-Fil-A,OHM Concession Group LLC,4/25/2016,,Pgh Int'L Airport / Ac-20a/B,15231,40.4953090,-80.2352910,NO Dollar Menu
119,Chick-Fil-A,,9/5/2003,121,Costco Dr,15205,40.4578570,-80.1678920,NO Dollar Menu
120,Chick-Fil-A,Chick-Fil-A,7/2/2004,1000,Ross Park Mall Dr,15237,40.5389690,-80.0077110,NO Dollar Menu
121,Chick-Fil-A,Chick-Fil-A Inc,3/9/2007,461,Clairton Blvd,15236,40.3351060,-79.9465150,NO Dollar Menu
122,Chick-Fil-A,Chick-Fil-A,3/1/2008,480,E Waterfront Dr,15120,40.4127000,-79.9079100,NO Dollar Menu
123,Chick-Fil-A #01297,Yanak Hospitality Group LLC,11/2/2015,100,Robinson Center Dr,15205,40.4541240,-80.1611640,NO Dollar Menu
124,Chick-Fil-A #1765,,3/9/2009,1620,Washington Rd,15241,40.3519950,-80.0515410,NO Dollar Menu
125,Chick-Fil-A #2091,Chick-Fil-A,6/12/2007,4040,Wm Penn Hwy / Miracle Mile,15146,40.4377730,-79.7649810,NO Dollar Menu
126,China House,Han & Chow,5/18/1995,2001,Lincoln Way,15131,40.3373640,-79.8053960,Take Out
127,China House II,Hua Yuan Enterprise Inc,8/16/2002,7400,Church St,15218,40.4223070,-79.8893210,Take Out
128,China Max,W & W Restaurant Inc,10/4/2013,100,Robinson Center Dr,15205,40.4541240,-80.1611640,Take Out
129,China Max,Magic Wok Inc,4/23/2010,301,South Hills Village - Fc2,15241,40.3205700,-80.0870150,Take Out
130,China Palace,China Palace Restaurant Inc,8/2/1988,4059,Wm Penn Hwy,15146,40.4402930,-79.7697930,Take Out
131,China Wok,,8/24/1998,1202,5th Ave,15219,40.4384840,-79.9887960,Take Out
132,China Wok Brentwood,China Wok II Inc,6/11/2015,4060,Brownsville Rd,15227,40.3663850,-79.9813750,Take Out
133,Chipotle Mexican Grill #863,Chipotle Mexican Grill,12/12/2006,3619,Forbes Ave,15213,40.4411450,-79.9580280,NO Dollar Menu
134,Chipotle Mexican Grill #877,Chipotle Mexican Grill Inc,8/15/2006,310,McHolme Dr,15275,40.4485060,-80.1742360,NO Dollar Menu
135,Chipotle Mexican Grill #1089,Chipotle Mexican Grill of Colorado LLC,12/18/2008,509,Clairton Blvd,15236,40.3332900,-79.9462590,NO Dollar Menu
136,Chipotle Mexican Grill #1146,Chipotle Mexican Grill of Colorado LLC,11/21/2008,4800,Baum Blvd,15213,40.4542330,-79.9474220,NO Dollar Menu
137,Chipotle Mexican Grill #1264,Chipotle Mexican Grill of Colorado LLC,4/28/2009,4861,McKnight Rd,15237,40.5290660,-80.0087210,NO Dollar Menu
138,Chipotle Mexican Grill #1533,Chipotle Mexican Grill of Colorado LLC,12/8/2010,211,Forbes Av,15222,40.4406140,-80.0018980,NO Dollar Menu
139,Chipotle Mexican Grill #1803,Chipotle Mexican Grill of Colorado LLC,5/16/2012,1614,Cochran Rd,15220,40.3917010,-80.0598610,NO Dollar Menu
140,Chipotle Mexican Grill #1896,Chipotle Mexican Grill of Colorado LLC,3/1/2013,1720,Washington Rd,15241,40.3481440,-80.0538250,NO Dollar Menu
141,Chipotle Mexican Grill #2126,Chipotle Mexican Grill of Colorado LLC,1/20/2014,5986,Centre Av,15206,40.4637320,-79.9206770,NO Dollar Menu
142,Chipotle Mexican Grill #2148,Chipotle Mexican Grill LLC,6/9/2014,11359,Perry Highway,15090,40.6234580,-80.0538340,NO Dollar Menu
143,Chipotle Mexican Grill #2268,Chipotle Mexican Grill Inc,2/24/2016,8870,Covenant Dr,15237,40.5689120,-80.0218140,NO Dollar Menu
144,Chipotle Mexican Grill #2347,Chipotle Mexican Grill Inc,10/27/2015,3009,Washington Pike,15017,40.3543300,-80.1147910,NO Dollar Menu
145,Chipotle Mexican Grill #2347,Chipotle Mexican Grill of Colorado LLC,9/1/2014,4137,William Penn Hwy,15146,40.4391550,-79.7669310,NO Dollar Menu
146,Chipotle Mexican Grill #2655,Chipotle Mexican Grill Inc,5/5/2016,1027,Freeport Rd,15238,40.4880700,-79.8855680,NO Dollar Menu
147,Coffee Tree Roasters @ Duquesne Univ. Law,Parkhurst Dining,8/26/2015,900,Locust St,15282,40.4366130,-79.9919480,"Breakfast, Drink, Other"
148,Cold Stone Creamery,TKEJ LLC,2/18/2004,6509,Robinson Center Dr,15205,40.4552230,-80.1620750,"Breakfast, Drink, Other"
149,Cold Stone Creamery #21109,Shah Ventures Inc,9/9/2013,5800,Forbes Ave,15217,40.4378600,-79.9227960,"Breakfast, Drink, Other"
150,Commonplace Coffee,Commonplace Coffee Inc,12/1/2015,1501,Buena Vista Rd,15212,40.4570340,-80.0148190,"Breakfast, Drink, Other"
151,Cool Beans Coffee Co,Coffee A La Cart,1/25/1995,1,Allegheny Center Mall,15212,40.4533160,-80.0043470,"Breakfast, Drink, Other"
152,Crazy Mocha,Specialty Mocha LLC,6/2/2006,531,Beaver St,15143,40.5396630,-80.1789620,"Breakfast, Drink, Other"
153,Crazy Mocha,Crazy Mocha Coffee LLC,12/11/2009,2,North Ave,15212,40.4556170,-80.0068680,"Breakfast, Drink, Other"
154,Crazy Mocha,Crazy Mocha Coffee Company LLC,11/15/2010,4,Gateway Center,15222,40.4405370,-80.0054550,"Breakfast, Drink, Other"
155,Crazy Mocha,Murman & O'Hara LLC,3/24/2008,801,Liberty Ave,15222,40.4429490,-79.9989180,"Breakfast, Drink, Other"
156,Crazy Mocha,Murman C Ohara LLC,1/18/2007,420,Ft Duquesne Blvd,15222,40.4475260,-79.9933980,"Breakfast, Drink, Other"
157,Crazy Mocha,Murman & O'Hara LLC,7/20/2009,2100,Murray Ave,15217,40.4335230,-79.9232690,"Breakfast, Drink, Other"
158,Crazy Mocha - Liberty Center,Crazy Mocha Coffee Co,11/19/2008,1001,Liberty Ave,15222,40.4442090,-79.9946690,"Breakfast, Drink, Other"
159,Crazy Mocha (Grant St T Station),Murman & Ohara Crazy Mocha LLC,5/8/2007,500,Grant St,15219,40.4396780,-79.9959320,"Breakfast, Drink, Other"
160,Crazy Mocha / One Mellon Center,Murman & O'Hara LLC,7/10/2008,500,Grant St,15219,40.4396780,-79.9959320,"Breakfast, Drink, Other"
161,Crazy Mocha #29,Murman & O'Hara Inc,5/29/2012,2775,Mosside Blvd,15146,40.4364640,-79.7598860,"Breakfast, Drink, Other"
162,Crazy Mocha #30,Murman & O'Hara Inc,8/16/2012,5,Station Sq Dr,15219,40.4309990,-80.0016200,"Breakfast, Drink, Other"
163,Crazy Mocha #38,Crazy Mocha,8/10/2015,309,Smithfield St,15222,40.4385080,-79.9999560,"Breakfast, Drink, Other"
164,Crazy Mocha Coffee,Specialty Mocha LLC,11/28/2006,429,Forbes Ave,15219,40.4391520,-79.9978540,"Breakfast, Drink, Other"
165,Crazy Mocha Coffee #39,Murman & Ohara Co,11/23/2015,2729,Carson St,15203,40.4267980,-79.9665100,"Breakfast, Drink, Other"
166,Crazy Mocha Coffee Co,Specialty Mocha LLC,11/16/2007,1,PPG Place,15222,40.4399980,-80.0037950,"Breakfast, Drink, Other"
167,Crazy Mocha Coffee Co,Murmar & O'Hara LLC,10/27/2009,225,Ross St,15219,40.4370000,-79.9970910,"Breakfast, Drink, Other"
168,Crazy Mocha Coffee Co,Murman & Ohara LLC,3/4/2005,207,Oakland Ave,15213,40.4413620,-79.9566960,"Breakfast, Drink, Other"
169,Crazy Mocha Coffee Co,Murman & O'Hara Enterprises,1/22/2002,4525,Liberty Ave,15224,40.4629250,-79.9508170,"Breakfast, Drink, Other"
170,Crazy Mocha Coffee Co,Murman & O'Hara Enterprises LLC,9/22/2004,4400,Forbes Ave,15213,40.4426450,-79.950559,"Breakfast, Drink, Other"
171,Crazy Mocha Coffee Co,Murman & O'Hara Ent,3/1/2000,5830,Ellsworth Ave,15232,40.4562940,-79.9301690,"Breakfast, Drink, Other"
172,Crazy Mocha Coffee Co #31,Murman & O'Hara LLC,7/8/2013,5607,Baum Blvd,15232,40.4580616,-79.9353176,"Breakfast, Drink, Other"
173,Crazy Mocha Coffee Company,Murman & Ohara LLC,3/4/2005,4030,Butler St,15201,40.4692600,-79.9613160,"Breakfast, Drink, Other"
174,Crazy Mocha Coffee Company,Crazy Mocha Coffee Company LLC,9/17/2010,9104,Babcock Blvd,15237,40.5731154,-80.0136860,"Breakfast, Drink, Other"
175,Dairy Queen,,6/17/1984,4276,Ohio River Blvd,15202,40.4878500,-80.0560540,Dollar Menu
176,Dairy Queen,,3/11/1992,3002,Babcock Blvd,15237,40.5144730,-80.0059810,Dollar Menu
177,Dairy Queen,Big Cone Inc,10/9/2013,1223,E Carson Street,15203,40.4289660,-79.9854760,Dollar Menu
178,Dairy Queen,,6/18/1991,1120,Lincoln Hwy,15137,40.3774004,-79.8020845,Dollar Menu
179,Dairy Queen / Orange Julius #42442,J-Mark Treats LLC,7/23/2010,268,Settlers Ridge Center Dr,15205,40.4406410,-80.1491320,Dollar Menu
180,Dairy Queen & Orange Julius,Brico Realty LLC,3/19/2014,100,Robinson Center Dr,15205,40.4541240,-80.1611640,Dollar Menu
181,Dairy Queen #13590,,12/1/1999,4846,Library Rd,15102,40.3464290,-80.0276330,Dollar Menu
182,Dairy Queen #13613,Fuchs Enterprises LLC,3/12/2012,4237,Verona Rd,15147,40.4664050,-79.8651850,Dollar Menu
183,Dairy Queen #13614,V S DQ Inc,7/31/1998,400,Lebanon Rd,15122,40.3713910,-79.9275320,Dollar Menu
184,Dairy Queen Brazier #13599,,1/1/1980,1613,Freeport Rd,15065,40.6219010,-79.7279360,Dollar Menu
185,Dairy Queen Grill & Chill #13605,DQ Carson St LLC,5/15/2015,2795,Clairton Blvd,15227,40.3760660,-79.9696280,Dollar Menu
186,Dairy Queen Of Coraopolis,RSKR Inc,6/17/1984,507,5th Ave,15108,40.5218540,-80.1747700,Dollar Menu
187,Dairy Queen Of Greentree,Rskr Inc,6/17/1984,2331,Noblestown Rd,15205,40.4276620,-80.0536430,Dollar Menu
188,Dairy Queen Of Northern Pike,DQ Of Northern Pike Inc,5/12/1989,4251,Northern Pike,15146,40.4341280,-79.7560570,Dollar Menu
189,Dairy Queen Of Perrysville,,3/6/1987,1039,Perry Hwy,15237,40.5416660,-80.0362160,Dollar Menu
190,Dairy Queen of Scott,Dairy Store of Scott,6/9/1995,1000,Washington Ave,15106,40.3983920,-80.0834900,Dollar Menu
191,Dairy Queen Of White Oak,,1/1/1983,1990,Lincoln Way,15131,40.3374850,-79.8095430,Dollar Menu
192,Dairy Queen Orange Julius,Ross Park Mall Treatworks Inc,7/3/2013,1000,Ross Park Mall Dr,15237,40.5389690,-80.0077110,Dollar Menu
193,Dairy Queen Orange Julius #41315,DQS Inc,5/23/2014,301,Hills Village Fc#7,15241,40.3426230,-80.0561700,Dollar Menu
194,Danny's Pizza,Danny's Pizza Enterprises,1/1/1977,4851,Clairton Blvd,15236,40.3500070,-79.9763360,Take Out
195,Dannys Parkview Pizza,Dannys Parkview Pizza Inc,6/17/1984,5159,Library Rd,15102,40.3352140,-80.0228750,Take Out
196,DiBella's Old Fashioned Submarines,Western Reserve Management,12/19/2011,9030,St Simon Way,15237,40.5691940,-80.0242510,Take Out
197,DiBellas Old Fashioned Submarines,DiBella's Old Fashioned Submarines Inc,2/10/2006,6501,Steubenville Pike,15205,40.4480340,-80.1587270,Take Out
198,DiBellas Old Fashioned Submarines,DeBellas Old Fashioned Submarines,2/22/2011,16,Market Pl,15222,40.4407460,-80.0017960,Take Out
199,Domino's #9059,JC North Hills,2/29/2008,300,6th Ave,15222,40.4419320,-80.0018280,Take Out
200,Domino's Pizza,,5/4/2015,1001,Carson St,15203,40.4289230,-79.9884020,Take Out
201,Domino's Pizza,JC Allison Park Inc,1/22/2014,4848,William Flynn Hwy,15101,40.5711910,-79.9528450,Take Out
202,Domino's Pizza #3275,Julyn Inc,10/11/2005,3300,Saw Mill Run Blvd,15227,40.3752780,-79.9837060,Take Out
203,Domino's Pizza #4709,JC Forest Hills Inc,7/19/2007,2600,Ardmore Blvd,15221,40.4134810,-79.8457900,Take Out
204,Domino's Pizza #4710,JC McMurray Inc,2/9/2007,119,N Sheridan Ave,15206,40.4617220,-79.9234250,Take Out
205,Domino's Pizza #9073,Team Pittsburgh 1 Inc,8/1/2011,201,3rd St,15034,40.3495480,-79.8914250,Take Out
206,Domino's Pizza #9074,JC West View Inc,11/22/2011,1019,West View Park Dr,15229,40.5166200,-80.0351390,Take Out
207,Domino's Pizza #9077,JC BP Inc,4/20/2012,5816,Library Rd,15102,40.3100890,-80.0334780,Take Out
208,Domino's Pizza #9082,JC Mt Inc,9/7/2012,1300,Brodhead Rd,15108,40.5350150,-80.2294550,Take Out
209,Domino's Pizza #9087,JC Penn Hills Inc,11/22/2013,11822,Frankstown Rd,15235,40.4689050,-79.8235940,Take Out
210,Domino's Pizza #9130,J C Northern Pike LLC,12/7/2015,4305,Northern Pike,15146,40.4340060,-79.7531900,Take Out
211,Donut Connection,Samnine Inc,1/17/2003,2414,Brownsville Rd,15210,40.3866820,-79.9822250,"Breakfast, Drink, Other"
212,Donut Connection,Donut Services Group Inc,5/1/1983,1709,Eden Park Blvd,15132,40.3472010,-79.8313220,"Breakfast, Drink, Other"
213,Donut Connection,,1/28/2000,7315,Saltsburg Rd,15235,40.4776110,-79.7872830,"Breakfast, Drink, Other"
214,Donut Connection,El Pasa Inc,9/15/1997,2328,Freeport Rd,15065,40.6306870,-79.7166180,"Breakfast, Drink, Other"
215,Donut Connection / Kaleidoscoops,Delicious Donuts LLC,10/30/2015,5004,William Flynn Hwy,15044,40.6315490,-79.9528450,"Breakfast, Drink, Other"
216,DQ Grill & Chill,NNB LLC,6/14/2011,2525,Monroeville Blvd,15146,40.4324710,-79.7512030,Dollar Menu
217,DQ Orange Julius,Monroeville Mall DQ Inc,12/18/2006,200,Monroeville Mall Dr,15146,40.4291830,-79.7954590,"Breakfast, Drink, Other"
218,Dunkin Donuts,Heartland Restaurant Group LLC,4/5/2012,553,Carnot Rd,15108,40.5164580,-80.2206090,"Breakfast, Drink, Other"
219,Dunkin Donuts,"Heartland Restaurant Group, LLC",12/5/2014,1541,Washington Rd,15228,40.3555090,-80.0498090,"Breakfast, Drink, Other"
220,Dunkin Donuts,Heartland Restaurant Group,3/9/2015,411,Smithfield St,15222,40.4391060,-79.9995200,"Breakfast, Drink, Other"
221,Dunkin Donuts,Heartland Restaurant Group LLC,8/19/2013,3200,Saw Mill Run Blvd,15227,40.3764340,-79.9841540,"Breakfast, Drink, Other"
222,Dunkin Donuts,Heartland Restaurant Group LLC,7/28/2015,11175,Perry Hwy,15090,40.6204827,-80.0552996,"Breakfast, Drink, Other"
223,Dunkin Donuts / Squirrel Hill,Heartland Restaurant Group LLC,9/21/2009,5889,Forbes Ave,15217,40.4382670,-79.9196460,"Breakfast, Drink, Other"
224,Dunkin Donuts #346772,Heartland Restaurant Group,6/11/2008,28,Market Sq,15222,40.4409680,-80.0030660,"Breakfast, Drink, Other"
225,Dunkin Donuts #347328,Heartland Rest Group,12/8/2008,344,Rodi Rd,15235,40.4582410,-79.8237270,"Breakfast, Drink, Other"
226,Dunkin Donuts #347605,Heartland Restaurant Group LLC,11/17/2008,301,10th Ave,15084,40.6054050,-79.7564370,"Breakfast, Drink, Other"
227,Dunkin Donuts #348440,Heartland Restaurant Group LLC,10/1/2009,4578,Browns Hill Rd,15217,40.4160360,-79.9247330,"Breakfast, Drink, Other"
228,Dunkin Donuts #348700,HRG Oakland LLC,7/9/2010,3907,Forbes Ave,15213,40.4422130,-79.9563750,"Breakfast, Drink, Other"
229,Dunkin Donuts #348824,Heartland Restaurant Group,3/15/2011,911,Butler St,15223,40.5114930,-79.9482650,"Breakfast, Drink, Other"
230,Dunkin Donuts #348825,Heartland Restaurant Group LLC,11/22/2011,45,Foster Ave,15205,40.4395360,-80.0693550,"Breakfast, Drink, Other"
231,Dunkin Donuts #348993,Heartland Restaurant Group,12/12/2010,601,Grant St,15219,40.4410930,-79.9960090,"Breakfast, Drink, Other"
232,Dunkin Donuts #349047,Heartland Restaurant Group,8/19/2010,800,West View Park Dr,15229,40.5178330,-80.0317220,"Breakfast, Drink, Other"
233,Dunkin Donuts #349049,Heartland Restaurant Group,9/13/2010,360,Curry Hollow Rd,15236,40.3367540,-79.9772310,"Breakfast, Drink, Other"
234,Dunkin Donuts #349884,Heartland Restaurant Group LLC,3/18/2013,2134,Brownsville Rd,15210,40.3918040,-79.9873800,"Breakfast, Drink, Other"
235,Dunkin Donuts #350871,Heartland Restaurant Group LLC,10/29/2012,2525,5th Ave,15132,40.3561660,-79.8344420,"Breakfast, Drink, Other"
236,Dunkin Donuts #352224,Heartland Restaurant Group LLC,4/28/2014,2725,Freeport Rd,15238,40.5384210,-79.8339210,"Breakfast, Drink, Other"
237,Dunkin Donuts #352225,HRG Bethel Park LLC,2/28/2014,1031,Paxton Dr,15102,40.3366890,-80.0235960,"Breakfast, Drink, Other"
238,Dunkin Donuts #353396,HRG Collier LLC,11/13/2014,1098,Washington Pi,15017,40.3666650,-80.1054530,"Breakfast, Drink, Other"
239,Dunkin Donuts #354675,Heartland Restaurant Group LLC,5/26/2016,145,McMurray Rd,15241,40.3260160,-80.0651990,"Breakfast, Drink, Other"
240,Dunkin' Donuts / Baskin-Robbins,BARU Inc,6/23/1987,1121,Lincoln Hwy,15137,40.4493370,-80.1995470,"Breakfast, Drink, Other"
241,Dunkin' Donuts #348529,Dunkin' Donuts Dormont LLC,11/6/2009,2961,W Liberty Ave,15216,40.3938280,-80.0351990,"Breakfast, Drink, Other"
242,Einstein Bros Bagels @ Koppers,JRK Foods - Koppers LLC,1/23/2015,436,7th Ave,15219,40.4421110,-79.9955540,"Breakfast, Drink, Other"
243,Einstein Bros Bagels #4054,JRK Foods Greentree LlC,4/4/2013,979,Greentree Rd,15220,40.4184690,-80.0454290,"Breakfast, Drink, Other"
244,Einstein Bros Bagels #4055,JRK Foods -Baum LLC,4/2/2013,4910,Baum Blvd,15213,40.4545530,-79.9461170,"Breakfast, Drink, Other"
245,Einstein Bros Bagels #4057,JRK Foods - PPG LLC,4/4/2013,410,Market St / 3 PPG Place,15222,40.4401000,-80.0027030,"Breakfast, Drink, Other"
246,Elements Cafe,Parkhurst Dining Services,6/23/2014,6425,Penn Ave,15206,40.4571650,-79.9168340,"Breakfast, Drink, Other"
247,Famous Wok,Famous Wok Inc,10/21/2015,445,Pittsburgh Mills Cir,15084,40.6378150,-79.7960520,Take Out
248,Fellini's Pizzeria,,9/15/2014,1231,Rt 51,15025,40.3105120,-79.9374410,Take Out
249,Fellini's Pizzeria,Fellini's Pizzeria Inc,2/21/2014,6028,Saltsburg Rd,15147,40.4839500,-79.8202520,Take Out
250,Fellini's Pizzeria,,11/29/2010,1624,Lincoln Way,15131,40.3469830,-79.8171640,Take Out
251,Fellini's Pizzeria,Fellini's Pizza LLC,8/4/2015,4415,Old Wm Penn Hwy,15146,40.4461200,-79.7635870,Take Out
252,Firehouse Subs,Be Mart LLC,6/12/2013,320,McHolme Dr,15275,40.4484930,-80.1742590,Take Out
253,Five Guys #1208,Five Guys Operations LLC,7/24/2013,1000,Ross Park Mall Dr,15237,40.5389690,-80.0077110,NO Dollar Menu
254,Five Guys Burgers & Fries,Wholesome Burger LLC,11/21/2011,324,McHolme Dr,15275,40.4484900,-80.1742630,NO Dollar Menu
255,Five Guys Burgers & Fries,Wholesome Burger II LLC,11/10/2005,117,S Bouquet St,15213,40.4422690,-79.9566720,NO Dollar Menu
256,Five Guys Burgers & Fries,Wholesom Burger I LLC,8/24/2005,1029,Freeport Rd,15238,40.4882660,-79.8855180,NO Dollar Menu
257,Five Guys Burgers & Fries,Five Guys Operations LLC,7/19/2013,2030,Pittsburgh Mills Blvd,15084,40.6378150,-79.7960520,NO Dollar Menu
258,Five Guys Burgers & Fries,Wholesome Burgers XVII,6/14/2013,3845,Northern Pike,15146,40.438694,-79.77763,NO Dollar Menu
259,Five Guys Burgers & Fries #1665,Wholesome Burgers LLC,5/1/2014,3,PPG Place,15222,40.4401000,-80.0027030,NO Dollar Menu
260,Fortune Star Buffet,Century Star Inc,5/12/2016,591,Clairton Blvd,15236,40.3332200,-79.9462380,Take Out
261,Fortune Star Buffet & Grill,All Star USA Inc,12/30/2014,1840,Union Ave,15065,40.6246870,-79.7217740,Take Out
262,Fox's Pizza,Yaweh Foods LLC,2/22/2008,659,Woodward Ave,15136,40.4727140,-80.0727270,Take Out
263,Fox's Pizza,Danbri Enterprises Inc,10/27/2000,6,Bailey Ave,15211,40.4268500,-80.0053070,Take Out
264,Fox's Pizza,Fox Jr Development Inc,9/29/2014,1746,William Flynn Hwy,15116,40.5253930,-79.9472500,Take Out
265,Fox's Pizza,M & G Pizza LLC,4/2/2015,908,Little Deer Creek Valley Rd,15076,40.6082300,-79.8331460,Take Out
266,Fox's Pizza,,8/4/2005,104,Church St,15145,40.4051930,-79.8261580,Take Out
267,Fox's Pizza,TBK Foxes LLC,6/19/2014,4400,Old William Penn Hwy,15146,40.4452410,-79.7648450,Take Out
268,Fox's Pizza Brookline,DGPD Enterprise LLC,3/24/2015,902,Brookline Blvd,15226,40.3900600,-80.0143660,Take Out
269,Fox's Pizza Den,Dnwhite Enterprises LLC,10/7/2015,998,Brodhead Rd,15108,40.5242480,-80.2238680,Take Out
270,Fox's Pizza Den,Moneda Enterprises LLC,11/11/2013,1100B,Lincoln Hwy,15137,40.4494070,-80.1995640,Take Out
271,Fox's Pizza Den,DN White Enterprises LLC,9/18/2014,6091,Steubenville Pike,15136,40.4439260,-80.1463970,Take Out
272,Fox's Pizza Den,,2/15/1984,1500,Radford Rd,15227,40.3642470,-79.9671700,Take Out
273,Fox's Pizza Den,Joe Samsa,1/5/2015,5700,Homeville Rd,15122,40.3663440,-79.8714420,Take Out
274,Fox's Pizza Den,J & T Holdings Inc,4/13/2006,200,Swiss Lane,15037,40.2805700,-79.8355290,Take Out
275,Fox's Pizza Den,F P D I Inc,12/18/1992,710,Broadway Ave,15140,40.4023150,-79.7748750,Take Out
276,Fox's Pizza Den,M & G Pizza Inc,11/2/1998,407,6th Ave,15084,40.6032790,-79.7520640,Take Out
277,Fox's Pizza Den Bridgeville,DN White Enterprises LLC,1/23/2012,3181,Washington Pike,15017,40.3440980,-80.1150510,Take Out
278,Fox's Pizza Den of Oakmont,DGPD Enterprise LLC,8/27/2015,314,Allegheny River Blvd,15139,40.5228380,-79.8324750,Take Out
279,Fox's Pizza Den Of Penn Hills,DGPD Enterprise LLC,10/3/2014,12244,Frankstown Rd,15235,40.4722970,-79.8190330,Take Out
280,Fox's Pizza Den of Plum,Fox Jr Development Inc,3/20/2001,2374,Golden Mile Hwy / Rt 286,15239,40.4627820,-79.7046410,Take Out
281,Fox's Pizza-Carnegie,DNWhite Enterprises LLC,9/24/2010,221,2nd Ave,15106,40.4032770,-80.0895720,Take Out
282,Fu Lai,Jiujiang Chi,10/28/2009,525,Penn Ave,15222,40.4428610,-80.0031130,Take Out
283,Gateway Clipper Cafe,Gateway Clipper Fleet Inc,10/20/2015,224,Station Square Dr,15219,40.4336340,-80.0048350,"Breakfast, Drink, Other"
284,Gloria Jean's Coffees,JY Coffee Inc,9/1/2013,,Monroville Mall / Space A-9,15146,40.4305260,-79.7924570,"Breakfast, Drink, Other"
285,Graeter's Ice Cream,Graeter's Manufacturing Inc,6/30/2016,10610,Perry Hwy,15090,40.6110540,-80.0538760,"Breakfast, Drink, Other"
286,Grandslam Pizza,Grandslam Pizza LLC,10/31/2013,417,Old Abers Creek Rd,15239,40.4659350,-79.7053840,Take Out
287,Grandslam Pizza #2,Grandslam Pizza LLC,10/30/2015,4376,Old Wm Penn Hwy,15146,40.4434340,-79.7688640,Take Out
288,Green Beans Coffee,Green Beans Coffee Co USA LLC,7/14/2014,,Pgh Intl Airport / Ne-3a,15231,40.4953090,-80.2352910,"Breakfast, Drink, Other"
289,Green Beans Coffee,Green Beans Coffee Co USA LLC,11/20/2014,,Pgh Intl Airport / Se-9c,15231,40.4953090,-80.2352910,"Breakfast, Drink, Other"
290,Green Leaf's & Bananas,Villa Enterprises / Green Leaf Inc,10/2/2013,301,South Hill Village - Fc-5,15241,40.3429240,-80.0551690,"Breakfast, Drink, Other"
291,Handel's Ice Cream,All-Rae Inc,7/19/1992,2240,Lebanon Church Rd,15122,40.3478330,-79.9424270,"Breakfast, Drink, Other"
292,Handel's Old Fashioned Ice Cream,Handel's of McCandless LLC,2/29/2012,9020,St Simon Way,15237,40.5690250,-80.0249910,"Breakfast, Drink, Other"
293,Hardee's,Steeltown Restaurants Inc,8/13/1996,1201,North Ave,15209,40.4930920,-79.9756030,Dollar Menu
294,"Hook, Fish & Chicken",Ramallah Inc,9/27/2006,1221,Federal St,15212,40.4565110,-80.0069980,Take Out
295,"Hook, Fish & Chicken",,10/25/2012,10,Ormsby Ave,15210,40.4125780,-79.9877280,Take Out
296,"Hook, Fish & Chicken",Hamdan's Inc,8/27/2004,6960,5th Ave,15208,40.4583810,-79.9078780,Take Out
297,"Hook, Fish & Chicken",Hook Inc,10/28/2010,11644,Frankstown Rd,15235,40.4652140,-79.8272070,Take Out
298,Hunan Wok,,7/24/2015,2158,Brownsville Rd,15210,40.3919560,-79.9874080,Take Out
299,Hunan Wok,,11/29/2000,1822,Homeville Rd,15122,40.3736780,-79.8737340,Take Out
300,Hunan Wok II,,1/11/2010,500,Pine Hollow Rd,15136,40.4738570,-80.0967690,Take Out
301,Italian Village Pizza,Casey Thomas Inc,4/1/2003,5037,2nd Ave,15207,40.3882930,-80.0407300,Take Out
302,Italian Village Pizza,Fabo Corp,1/1/2012,325,Mt Lebanon Blvd,15234,40.3694950,-80.0350700,Take Out
303,Italian Village Pizza,Munmon Inc,4/21/2008,5255,Library Rd,15102,40.3324790,-80.0218700,Take Out
304,Italian Village Pizza,FVAV Inc,3/1/2010,4885,McKnight Rd,15237,40.5296160,-80.0100250,Take Out
305,Italian Village Pizza,IRIVP Inc,9/11/2007,600,Grant St,15219,40.4412900,-79.9945740,Take Out
306,Italian Village Pizza,,12/1/2013,2951,Ridge Rd,15129,40.2899540,-79.9818440,Take Out
307,Italian Village Pizza,Italian Eatery Inc,12/20/2001,2713,Brownsville Rd,15227,40.3841290,-79.9774170,Take Out
308,Italian Village Pizza,Fabocorp Inc,3/10/2009,5235,Clairton Blvd,15227,40.3438660,-79.9703370,Take Out
309,Italian Village Pizza,Frank Veltri,1/1/1980,3075,Clairton Blvd / Century III Mall / Rm 696,15123,40.3402910,-79.9385220,Take Out
310,Italian Village Pizza,Acheropita Inc,4/12/2002,5886,Forbes Ave,15217,40.4379070,-79.9195550,Take Out
311,Italian Village Pizza,Cantley Group,3/1/2016,2615,Main St,15120,40.3925480,-79.9000570,Take Out
312,Italian Village Pizza,,2/26/2016,412,Richland Ave,15034,40.3501620,-79.8938410,Take Out
313,Italian Village Pizza,MMJC Inc,11/1/2001,308,Scenery Dr,15037,40.2797280,-79.8365430,Take Out
314,Italian Village Pizza / Shake Shop,Casab Inc,4/7/2006,580,Old Clairton Rd,15236,40.3258470,-79.9569330,Take Out
315,J & M Deli II,J & M Export Deli Inc,12/7/2015,226A,Center Rd,15146,40.4404410,-79.7670950,Take Out
316,Jake & Sons Pizzeria,,3/10/1988,2147,Ardmore Blvd,15221,40.4181910,-79.8485480,Take Out
317,Jersey Mike's Subs,,7/15/2015,1155,Washington Pike,15017,40.3692880,-80.1022550,Take Out
318,Jersey Mike's Subs,Ayden-Arian LLC,6/25/2013,7390,McKnight Rd,15237,40.5396960,-80.0115670,Take Out
319,Jet's Pizza #399,PA Pizza #1 LLC,1/29/2015,1810,Dormont Ave,15216,40.3984880,-80.0443250,Take Out
320,Jimmy John's,JPC & Co,3/14/2013,1935,Settlers Ridge Center Dr,15205,40.4406410,-80.1491320,NO Dollar Menu
321,Jimmy John's,Kelly Breen LLC,6/20/2014,12061,Perry Highway,15090,40.6315790,-80.0602780,NO Dollar Menu
322,Jimmy John's,JJ Carson LLC,3/22/2013,1717,Carson St,15203,40.4290810,-79.9812560,NO Dollar Menu
323,Jimmy John's,Pittsburgh's Best Jimmy John's LLC,5/29/2011,6425,Penn Ave,15206,40.4571650,-79.9168340,NO Dollar Menu
324,Jimmy John's #2682,Atlas East,3/9/2016,401,Home Dr,15275,40.4501160,-80.1826870,NO Dollar Menu
325,Jimmy John's #2824,JJ McKnight LLC,3/9/2015,4840,McKnight Rd,15237,40.5279400,-80.0061380,NO Dollar Menu
326,Jimmy John's #2865,Montreux LLC,6/30/2016,5833,Forbes Ave,15217,40.4382590,-79.9217140,NO Dollar Menu
327,Jimmy John's Gourmet Sandwiches,JJ Grant LLC,12/15/2011,501,Grant St,15219,40.4399360,-79.9970310,NO Dollar Menu
328,Jimmy John's Gourmet Sandwiches #357,JJ Pittsburgh LLC,7/27/2009,506,Liberty Ave,15222,40.4413900,-80.0032530,NO Dollar Menu
329,Jimmy John's Sandwich Shop,Millennium Food Inc,8/22/2001,3444,Forbes Ave,15213,40.4392180,-79.9597180,NO Dollar Menu
330,Joe's Water Ice,JPO Enterprises Inc,4/4/2001,7179,Saltsburg Rd,15235,40.4763290,-79.7888370,"Breakfast, Drink, Other"
331,Kentucky Fried Chicken #15,Morgan's Foods Inc,2/6/1986,4673,Wm Flynn Hwy,15101,40.5923740,-79.9483640,Dollar Menu
332,Kentucky Fried Chicken #50,Morgan's Foods Inc,7/15/2000,6901,University Blvd,15108,40.5169460,-80.2205280,Dollar Menu
333,Kentucky Fried Chicken #51,Morgan's Foods Inc,4/25/1985,5130,Clairton Blvd,15236,40.3451980,-79.9734150,Dollar Menu
334,Kentucky Fried Chicken #52,Morgan's Food Inc,10/10/2013,5153,Library Rd,15102,40.3361280,-80.0240050,Dollar Menu
335,Kentucky Fried Chicken #53,Morgan's Foods Inc,4/27/1989,1100,Brownsville Rd,15210,40.4049490,-79.9908870,Dollar Menu
336,Kentucky Fried Chicken #55,Morgan's Foods Inc,9/14/1999,222,W 8th Av,15120,40.4041140,-79.9144700,Dollar Menu
337,Kentucky Fried Chicken #58,Morgan's Foods Inc,11/23/2001,640,Long Run Rd,15132,40.3232140,-79.8326920,Dollar Menu
338,Kentucky Fried Chicken #59,Morgan's Foods Inc,12/1/1997,4306,Ohio River Blvd,15202,40.4974530,-80.0603440,Dollar Menu
339,Kentucky Fried Chicken #61,Morgan's Foods Inc,1/25/1990,1,Landings Dr,15238,40.5395230,-79.8290990,Dollar Menu
340,Kentucky Fried Chicken #65,Morgan's Foods Inc,10/7/1999,804,West View Park Dr,15229,40.5174130,-80.0326860,Dollar Menu
341,Kentucky Fried Chicken #66,Morgan's Foods Inc,12/14/1984,278,Yost Blvd,15221,40.4129970,-79.8566820,Dollar Menu
342,Kentucky Fried Chicken #68,Morgan's Foods Inc,12/11/1996,3770,Wm Penn Hwy,15146,40.4355720,-79.7859750,Dollar Menu
343,Kentucky Fried Chicken #69,Morgan's Foods Inc,1/3/1985,4915,Baum Blvd,15213,40.4549450,-79.9462290,Dollar Menu
344,Kentucky Fried Chicken #73,Morgan's Foods Inc,5/29/2001,210,Rodi Rd,15235,40.4633950,-79.8244290,Dollar Menu
345,Kentucky Fried Chicken #74,Morgan's Foods Inc,12/14/1984,509,Penn Ave,15221,40.4445880,-79.8866050,Dollar Menu
346,KFC / Taco Bell #63,Morgan's Foods Inc,11/17/1999,9797,McKnight Rd,15237,40.5849230,-80.0371150,Dollar Menu
347,KFC / Taco Bell #64,Morgan's Foods Inc,12/20/1984,6190,Steubenville Pike,15136,40.4455580,-80.1501420,Dollar Menu
348,La Nova Pizzeria,La Nova Pizzeria LLC,1/15/2014,1100,Canal St,15215,40.4952060,-79.9309620,Take Out
349,La Nova Pizzeria,La Nova Pizzeria LLC,3/15/2010,835,Pittsburgh St,15144,40.5414600,-79.7786390,Take Out
350,La Prima Espresso,La Prima Espresso Co Inc,3/16/1990,205,21st St,15222,40.4516430,-79.9828050,"Breakfast, Drink, Other"
351,La Prima Espresso Co,La Prima Espresso Co,6/9/2016,100,South Commons,15212,40.4510620,-80.0051860,"Breakfast, Drink, Other"
352,Little Caesars,4 FLC Partners LP,10/24/2008,809,West View Park Dr,15229,40.5169060,-80.0327900,Take Out
353,Little Caesars,4 FLC Partners LP,4/22/2010,5430,Centre Ave,15232,40.4558930,-79.9373420,Take Out
354,Little Caesars,4 FLC LLC,11/20/2013,1800,Golden Mile Hwy,15239,40.4516650,-79.7131480,Take Out
355,Little Caesars #143,4 FLC Partners LP,4/14/2009,2973,Liberty Ave,15216,40.3935830,-80.0355770,Take Out
356,Little Caesars #154,BFS Companies / 4FLC Partners,6/3/2014,4960,William Flynn Hwy,15101,40.5711910,-79.9528450,Take Out
357,Little Caesars #156,4 FLC LLC,12/18/2015,1309,Pittsburgh St,15024,40.5412130,-79.8019530,Take Out
358,Little Caesars Pizza #135,4 FLC Partners LP,5/20/2008,1880,Heights Plz,15065,40.6239680,-79.7225490,Take Out
359,Little Caesars Pizza #137,4FLCE Partners LP,6/27/2008,1160,Washington Ave,15106,40.3974540,-80.0852970,Take Out
360,Little Caesars Pizza #138,4 FLC Partners LP,7/23/2008,1985,Lincoln Way,15131,40.3383840,-79.8067110,Take Out
361,Little Caesars Pizza #141,BFS Foods Inc,2/9/2009,1742,Greensburg Ave,15137,40.3872540,-79.8214660,Take Out
362,Little Caesars Pizza #145,4 FLC Partners LP,9/29/2009,,Caste Village Shopping Ctr #140,15236,40.3380770,-79.9789610,Take Out
363,Little Caesars Pizza #148,BFS Co,6/7/2011,250,Mt Lebanon Blvd,15234,40.3679900,-80.0368040,Take Out
364,Little Caesars/K Cafe #3141,Kmart Corp / Kmart Stores of TNCP Inc,6/17/1984,1025,Washington Pike,15017,40.3671630,-80.1101190,Take Out
365,Long John Silvers,LJS Opco One LLC,10/9/2015,2100,Washington Ave,15106,40.3936560,-80.0876010,Dollar Menu
366,Long John Silvers,LJS Opco One LLC,10/14/2015,300,Rodi Rd,15235,40.4608680,-79.8244760,Dollar Menu
367,Long John Silvers / A&W,LJS OPCo-On LLC,10/9/2015,2220,Lebanon Church Rd,15122,40.3483660,-79.9441550,Dollar Menu
368,Long John Silvers / A&W,LJS Opco One LLC,10/9/2015,201,Hoffman Blvd,15110,40.383808,-79.863501,Dollar Menu
369,Mama Pepino's Pizza,,5/6/2008,607,William Marks Dr,15120,40.4093140,-79.8986940,Take Out
370,Mama Pepino's Pizza,,1/1/1970,2417,O'Neil Blvd,15131,40.3517510,-79.8273210,Take Out
371,Mama Pepino's Pizza Eleven,B Jen LLC,7/7/2016,210,Plum St,15037,40.2719900,-79.8872340,Take Out
372,Mamma Lucia,ADL Ventures Inc,7/30/2009,11978,Perry Hwy #408-410,15090,40.6326280,-80.0584590,Take Out
373,Mandy's Pizza & More,Mandy's Pizza & More of W View Inc,2/21/2008,512,Perry Hwy,15229,40.5219460,-80.0339670,Take Out
374,Mayorga Coffee,Black Dog Ventures LLC,6/20/2006,,Pgh Intl Airport / Ac-19,15231,40.4953090,-80.2352910,"Breakfast, Drink, Other"
375,McDonald's,McDonald's Corp,8/8/1994,300,Market Place Dr,15071,40.4409270,-80.2393380,Dollar Menu
376,McDonald's,,5/31/2016,1,Poplar St,15205,40.4274050,-80.0533590,Dollar Menu
377,McDonald's,Rice Enterprises LLC,5/8/2001,801,Allegheny Ave,15233,40.4508290,-80.0190080,Dollar Menu
378,McDonald's,Lewandowski Limited Partnership,6/1/2016,500,Liberty Ave,15222,40.4412590,-80.0033710,Dollar Menu
379,McDonald's,Lewanowski Limited Partnership,6/1/2016,505,Smithfield St,15219,40.4402820,-79.9985260,Dollar Menu
380,McDonald's,Malik & Malik Enterprises Inc,7/14/2000,1630,Penn Ave,15222,40.4493050,-79.9863050,Dollar Menu
381,McDonald's,Rice Enterprises LLC,10/24/2000,4214,Brownsville Rd,15227,40.3646070,-79.9838370,Dollar Menu
382,McDonald's,Rice Enterprises LLC,8/15/2003,2251,Century Dr / Century Square Mall,15122,40.3437260,-79.9490660,Dollar Menu
383,McDonald's,Rice Enterprises LLC,8/13/2001,2090,Lebanon Church Rd,15122,40.3479100,-79.9452960,Dollar Menu
384,McDonald's,Draper Inc,3/19/2010,7277,Saltsburg Rd,15235,40.4771870,-79.7880770,Dollar Menu
385,McDonald's,ASM Shaffer Enterprises LLC,4/23/2014,1865,New Texas Rd,15239,40.4506470,-79.7142350,Dollar Menu
386,McDonald's,Star Ke LLC,11/5/2014,430,Penn Ave,15221,40.4446340,-79.8886670,Dollar Menu
387,McDonald's,Star KE LLC,11/5/2014,505,Lincoln Hwy,15137,40.3842630,-79.8242470,Dollar Menu
388,McDonald's / Moon Twp,Bristin Enterprises Inc,3/21/2016,825,Beaver Grade Rd,15108,40.5176550,-80.2161890,Dollar Menu
389,McDonald's #1,PHF Group I LLC,7/16/2015,4849,McKnight Rd,15237,40.5285870,-80.0083120,Dollar Menu
390,McDonald's #2,PHF Group II LLC,11/16/2015,7702,McKnight Rd,15237,40.5463400,-80.0164050,Dollar Menu
391,McDonald's #428,Draper Inc,12/19/2001,11591,Frankstown Rd,15235,40.4652080,-79.8289070,Dollar Menu
392,McDonald's #442,MBC Enterprises LLC,5/1/2007,5261,Library Rd,15102,40.3318890,-80.0223810,Dollar Menu
393,McDonald's #714,Foster Group Enterprises Inc,5/1/1993,10529,Perry Hwy,15090,40.6101590,-80.0540450,Dollar Menu
394,McDonald's #1102,Rice Enterprises LLC,12/12/2001,225,Mt Lebanon Blvd,15234,40.368422,-80.0381140,Dollar Menu
395,McDonald's #1450,,1/4/1991,608,Wood St,15222,40.4422920,-79.9989450,Dollar Menu
396,McDonald's #1741,Draper Inc,3/11/2010,3760,Wm Penn Hwy,15146,40.4353840,-79.7868900,Dollar Menu
397,McDonald's #1862,,3/5/1991,3708,Forbes Ave,15213,40.4411410,-79.9571480,Dollar Menu
398,McDonald's #2492,Delligatti Inc,4/4/1990,2001,Freeport Rd,15065,40.6264020,-79.7221730,Dollar Menu
399,McDonald's #3698,Dell Mgt Corp,8/1/1976,2925,Freeport Rd,15238,40.5391500,-79.8300990,Dollar Menu
400,McDonald's #4121,Draper Inc,3/29/2010,4317,Northern Pike,15146,40.4344800,-79.7517880,Dollar Menu
401,McDonald's #4647,Rice Enterprises LLC,11/1/2000,101,Hoffman Blvd,15110,40.3842170,-79.8632830,Dollar Menu
402,McDonald's #4817,Malik Foods Inc,6/11/2001,148,N Euclid St,15206,40.4625130,-79.9277800,Dollar Menu
403,McDonald's #4939,PHF Group III LLC,7/6/2016,4557,Ohio River Blvd,15202,40.4921460,-80.0621800,Dollar Menu
404,McDonald's #5441,Rice Enterprises LLC,3/29/2010,2100,Washington Pike,15106,40.3875630,-80.0933410,Dollar Menu
405,McDonald's #6373,McDonald's Corp,10/18/2000,4235,Walnut St,15132,40.3209530,-79.8357360,Dollar Menu
406,McDonald's #6822,Rice Enterprises LLC,12/31/2001,3023,Washington Pike,15017,40.3537170,-80.1145470,Dollar Menu
407,McDonald's #7450,McDonald's,5/26/2010,2518,Liberty Ave,15226,40.3988340,-80.0264590,Dollar Menu
408,McDonald's #7506,McDonald's Corp,6/17/1984,971,William Flynn Highway,15116,40.5317300,-79.9575310,Dollar Menu
409,McDonald's #7683,Briston Enterprise LLC,4/7/2016,6380,Steubenville Pike,15205,40.4483050,-80.1555640,Dollar Menu
410,McDonald's #7705,Rice Enterprises LLC,5/25/2001,82,Fort Couch Rd,15241,40.3380710,-80.0507840,Dollar Menu
411,McDonald's #10260,Malik Enterprises Inc,2/7/2005,6361,Penn Ave,15206,40.4588030,-79.9184830,Dollar Menu
412,McDonald's #12151,PHF Group LLC,3/25/2015,363,Perry Highway,15229,40.5175690,-80.0293060,Dollar Menu
413,McDonald's #12182,Shawn Malik Inc,1/24/2005,,Pgh Intl Airport / Ac-02e,15231,40.4953090,-80.2352910,Dollar Menu
414,McDonald's #12183,Shawn Malik Inc,1/27/2005,,Pgh Intl Airport / Se-09a,15231,40.4953090,-80.2352910,Dollar Menu
415,McDonald's #12415,Draper Inc,12/19/2001,70,Allegheny River Blvd,15147,40.4989330,-79.8184680,Dollar Menu
416,McDonald's #18474,Tri County Mgmt,11/21/1996,600,Pine Hollow Rd,15136,40.4739450,-80.0957100,Dollar Menu
417,McDonald's #22492,Rice Enterprises LLC,8/28/2000,549,Clairton Blvd,15236,40.3332560,-79.9462490,Dollar Menu
418,McDonald's #24334,Rice Enterprises LLC,1/3/2001,400,E Waterfront Dr,15120,40.4120660,-79.9099360,Dollar Menu
419,McDonald's #24444,Tri-County Management,8/4/2009,200,Walmart Dr,15044,40.6215010,-79.9440940,Dollar Menu
420,McDonald's #26447,Tri-County Management,8/4/2009,4618,Wm Flynn Hwy,15044,40.6260880,-79.9417990,Dollar Menu
421,McDonald's #27444,Tri County Management,8/18/2009,1010,4th Ave,15108,40.5178380,-80.1631260,Dollar Menu
422,McDonald's #31563,M & J Management Corp,1/19/2006,2010,Value Dr,15084,40.6117840,-79.7720920,Dollar Menu
423,McDonald's #33806,M & J Management,6/14/2013,907,Freeport Rd,15238,40.4868720,-79.8895200,Dollar Menu
424,McDonald's Of Warrendale,Delligatti Inc,6/17/1984,19055,Perry Hwy,16046,40.6718121,-80.0985583,Dollar Menu
425,Mineo's Pizza,Istanbul Inc,6/3/1996,2350,Noblestown Rd,15205,40.4274600,-80.0554600,Take Out
426,Mineo's Pizza,"Mineo's Pizza House 2, Inc.",8/26/1994,713 A,Washington Rd,15228,40.3798260,-80.0446100,Take Out
427,Mitch's Barbeque,,2/29/2016,16070,Perry Hwy,15090,40.6323490,-80.0587970,Take Out
428,Mm Mm Pizza,Ma Pizza,4/5/2000,2971,South Park Road,15102,40.3271670,-80.0418420,Take Out
429,Mm! Mm! Pizza,,3/7/2003,5208,Clairton Blvd,15236,40.3439240,-79.9719710,Take Out
430,Moe's Southwest Grill,Big Plan Butler,9/3/2015,10339,Perry Hwy,15090,40.6040930,-80.0512240,NO Dollar Menu
431,Moe's Southwest Grill #327,Big Plan Ventures LP,2/27/2013,5432,Campbells Run Rd,15205,40.4472090,-80.1575760,NO Dollar Menu
432,Molly's Pizza,ZMC Food Division LLC,12/7/2004,1525,Potomac Ave,15216,40.3968990,-80.0359180,Take Out
433,Monte Cello's,Monte Cello's Of Shaler Inc,7/19/1996,880,Butler St,15223,40.5115590,-79.9451120,Take Out
434,Monte Cello's Pizza,,6/17/1985,305,7th Ave,15222,40.4430250,-79.9969580,Take Out
435,Mrs Fields / TCBY,JY Cookies Inc,2/21/2013,200,Mall Circle Dr,15146,40.4291830,-79.7954590,"Breakfast, Drink, Other"
436,Mrs Fields Original Cookies #54103,South Hills Cookies Inc,12/6/2004,301,South Hills Village / Fc-06,15241,40.3426230,-80.0561700,"Breakfast, Drink, Other"
437,Mt Lebanon Dairy Queen,JBLR Inc,8/9/2001,1693,McFarland Rd,15216,40.3961290,-80.0468840,"Breakfast, Drink, Other"
438,Muddy Cup,,11/14/2014,419,Lincoln Ave,15202,40.4943230,-80.0530880,"Breakfast, Drink, Other"
439,Nobby's Pizza Castle Shannon,,9/10/2014,1106,Castle Shannon Blvd,15234,40.3675800,-80.0171610,Take Out
440,Original Milano Pizza,Amic II Business Group,8/3/2015,6004,Centre Ave,15206,40.4598170,-79.9246770,Take Out
441,Panera #4347,Covelli Enterprises,12/9/2014,8800,Covenant Ave,15234,40.5684400,-80.0219560,NO Dollar Menu
442,Panera Bread #3482,Cadle LLC,12/28/1998,942,Freeport Rd,15238,40.4891220,-79.8925680,NO Dollar Menu
443,Panera Bread #3488,Cadle LLC,11/6/2000,1500,Washington Rd,15228,40.3569590,-80.0518070,NO Dollar Menu
444,Panera Bread #3489,Cadle LLC,12/26/2000,400,Penn Ctr East,15235,40.4279420,-79.8112720,NO Dollar Menu
445,Panera Bread #3490,Cadle LLC,4/16/2001,12071,Perry Hwy,15090,40.6319910,-80.0607980,NO Dollar Menu
446,Panera Bread #3492,Cadle LLC,5/24/2001,250,McHolme Dr,15275,40.4494120,-80.1743330,NO Dollar Menu
447,Panera Bread #3493,Cadle LLC,7/24/2001,623,Clairton Blvd,15236,40.3331920,-79.9462290,NO Dollar Menu
448,Panera Bread #3494,Cadle LLC,9/24/2001,210,West Bridge St,15120,40.4071520,-79.9166160,NO Dollar Menu
449,Panera Bread #3495,Cadle LLC,10/23/2001,5243,Library Rd,15102,40.3326420,-80.0219400,NO Dollar Menu
450,Panera Bread #3497,Cadle LLC,2/8/2002,1900,Greentree Rd,15220,40.3955180,-80.0673100,NO Dollar Menu
451,Panera Bread #3499,Cadle LLC,8/28/2002,3401,Blvd of the Allies,15213,40.4362780,-79.9580180,NO Dollar Menu
452,Panera Bread #3501,Cadle LLC,7/16/2002,4172,Wm Penn Hwy,15146,40.4383260,-79.7651180,NO Dollar Menu
453,Panera Bread #3503,Cadle LLC,11/7/2002,3800,Forbes Ave,15213,40.4415390,-79.9564400,NO Dollar Menu
454,Panera Bread #3504,Cadle LLC,12/16/2002,4960,Wm Flynn Hwy,15101,40.6026610,-79.9467180,NO Dollar Menu
455,Panera Bread #3506,Cadle LLC,8/5/2003,7217,McKnight Rd,15237,40.5371460,-80.0131250,NO Dollar Menu
456,Panera Bread #3508,Cadle LLC,1/22/2004,5430,Centre Av,15232,40.4558930,-79.9373420,NO Dollar Menu
457,Panera Bread #4329,Cadle LLC,7/13/2005,117,Pittsburgh Mills Circle,15084,40.5718290,-79.8020870,NO Dollar Menu
458,Panera Bread #4337,Covilli Enterprises,10/26/2009,295,Settlers Ridge Center Dr,15205,40.4406410,-80.1491320,NO Dollar Menu
459,Panera Bread #4344,Covelli Enterprises Inc,7/23/2012,132,Bakery Square Blvd,15206,40.4566180,-79.9171710,NO Dollar Menu
460,Panera Bread #4348,Covelli Enterprises,3/31/2014,1025,Washington Pike,15017,40.3671630,-80.1101190,NO Dollar Menu
461,Panera Bread Bakery #4349,Covelli Enterprises,9/3/2015,1000,Ross Park Mall Dr,15237,40.5389690,-80.0077110,NO Dollar Menu
462,Papa John's Pizza #344,Betco 36 Bajco Venture LLC,6/25/2013,4815,Centre Ave,15213,40.4536280,-79.9470260,Take Out
463,Papa John's Pizza #440,Bajco West LLC,6/25/2004,3336,Babcock Blvd,15237,40.5343810,-80.0187580,Take Out
464,Papa John's Pizza #731,Bajco East LLC,10/26/2007,5300,Library Rd,15102,40.3298460,-80.0222010,Take Out
465,Papa John's Pizza #3066,Betco 36 Bajco Venture LLC,6/26/2013,11700,Frankstown Rd,15235,40.4663240,-79.8256520,Take Out
466,Papa John's Pizza #3254,Bajco West LLC,4/28/2006,2928,W Liberty Ave,15216,40.3946000,-80.0352520,Take Out
467,Papa John's Pizza #4386,,10/1/2013,3403,Saw Mill Run Blvd,15227,40.3738110,-79.9818950,Take Out
468,Papa John's Pizza #4456,Bet Co 36 Bajco Venture LLC,3/31/2014,355,Lincoln Ave,15202,40.4935000,-80.0524140,Take Out
469,Pasquale's,Pittsburgh Pizza North Inc,9/7/2011,4731,Wm Flynn Hwy,15101,40.5711910,-79.9528450,Take Out
470,Pasquale's Pizzeria,Pizzaburg Partners Inc,12/11/2003,2412,Ferguson Rd,15101,40.5549670,-79.9721780,Take Out
471,Pasquale's Pizzeria,Z & C Pizza Company,8/10/2015,309,Freeport Rd,15215,40.4896130,-79.9029140,Take Out
472,Pasquale's Pizzeria,WhitMar Inc,11/12/2008,100,Bettis Rd,15034,40.3565340,-79.8960750,Take Out
473,Pasquale's Pizzeria,Pasquale's Pizzeria LLC,1/7/2004,6221,Saltsburg Rd,15235,40.4846960,-79.8158710,Take Out
474,Pasquale's Pizzeria,Pasquale's Pizzeria Inc,3/26/2015,101,Westinghouse Ave,15148,40.3930430,-79.8094030,Take Out
475,Peace Love & Little Donuts,Wignuts LLC,8/14/2015,11915,Perry Highway,15090,40.6300760,-80.0572730,"Breakfast, Drink, Other"
476,"Peace, Love & Little Donuts of Monroeville",Grace Hospitality LLC,5/19/2016,4745,William Penn Hwy,15146,40.4312370,-79.7292340,"Breakfast, Drink, Other"
477,Penn Station East Coast Sub,Piitsburgh Subs Inc,3/27/2007,4815,Centre Ave,15213,40.4536280,-79.9470260,Take Out
478,Penn Station East Coast Subs,Pittsburgh Subs LLC,10/15/2013,808,Liberty Ave,15222,40.4425160,-79.9987470,Take Out
479,Penn Station East Coast Subs,Pittsburgh Subs LLC,6/5/2012,4203,Wm Penn Hwy,15146,40.4396240,-79.7619200,Take Out
480,Penn Station East Coast Subs #324,Best Subs Too LLC,1/7/2016,1597,Washington Pike,15017,40.3826180,-80.0951260,Take Out
481,Philly Pretzel Factory,Pittsburgh Pretzel People LLC,1/19/2011,1150,Washington Pike,15017,40.3685070,-80.1021940,"Breakfast, Drink, Other"
482,Philly Pretzel Factory,Monroeville Pretzel Company LP,2/6/2012,3968,Wm Penn Hwy,15146,40.4379550,-79.7732790,"Breakfast, Drink, Other"
483,Pittsburgh Popcorn Co,Pittsburgh Popcorn LLC,11/19/2014,1000,Ross Park Mall Dr,15237,40.5389690,-80.0077110,"Breakfast, Drink, Other"
484,Pizza & Gyro Express,Lee Lee Inc,11/29/2006,801,O'Neil Blvd,15132,40.3511700,-79.8303640,Take Out
485,Pizza Bomonti,Canpolat Inc,8/14/2007,601,Lincoln Ave,15202,40.4967630,-80.0584640,Take Out
486,Pizza Hut #023977,Aurora Huts LLC,10/5/2007,550,Butler St,15201,40.5007960,-79.9434290,Take Out
487,Pizza Hut #023980,Aurora Huts LLC,7/11/2007,4873,Wm Flynn Hwy,15101,40.6015520,-79.9477590,Take Out
488,Pizza Hut #024011,Aurora Huts LLC,9/1/2007,1219,Federal St,15212,40.4563370,-80.0071990,Take Out
489,Pizza Hut #024013,Aurora Huts LLC,3/20/2007,2324,Ardmore Blvd,15221,40.4159560,-79.8487120,Take Out
490,Pizza Hut #024015,Aurora Huts LLC,10/1/2007,4001,Main St,15120,40.3822020,-79.9046240,Take Out
491,Pizza Hut #024016,Aurora Huts LLC,8/1/2007,80,Allegheny River Blvd,15147,40.4989330,-79.8184680,Take Out
492,Pizza Hut #024017,Aurora Hut LLC,6/24/2008,2002,E Carson St,15203,40.4283820,-79.9774010,Take Out
493,Pizza Hut #024018,Aurora Huts LLC,10/15/2007,2158,Brownsville Rd,15210,40.3919560,-79.9874080,Take Out
494,Pizza Hut #024021,Aurora Huts LLC,12/18/2007,481,Lincoln Ave,15202,40.4950600,-80.0552310,Take Out
495,Pizza Hut #024022,Aurora Huts LLC,11/9/2007,4710,Baum Blvd,15213,40.4538870,-79.9495610,Take Out
496,Pizza Hut #024025,Aurora Huts LLC,12/18/2007,1984,Greentree Rd,15220,40.3945720,-80.0670310,Take Out
497,Pizza Hut #028061,Aurora Huts LLC,5/21/2012,4960,Library Rd,15102,40.3435490,-80.0269040,Take Out
498,Pizza Hut #028557,Aurora Huts LLC,12/14/2012,3747,Wm Penn Hwy,15146,40.4373680,-79.7864420,Take Out
499,Pizza Joe's,River Blvd LLC,9/11/2003,192,Ohio River Blvd,15003,40.5763390,-80.2218130,Take Out
500,Pizza Marsala,Pehlivan LLC,9/2/2008,2677B,Monroeville Blvd,15146,40.4355680,-79.7826070,Take Out
501,Pizza Palermo,Jeet Links,7/24/2014,45,Foster Ave,15205,40.4395360,-80.0693550,Take Out
502,Pizza Palermo,Shams Associates LLC,9/10/2015,406,Lysle Blvd,15132,40.3517380,-79.8627180,Take Out
503,Pizza Palermo,Jeet Associates LLC,4/22/2013,109,Penn Ave,15145,40.4056810,-79.8265470,Take Out
504,Pizza Palermo,Vaid S LlC,9/12/2013,7343,Saltsburg Rd,15235,40.4781350,-79.7858900,Take Out
505,Pizza Parma,"Pizza Parma, LLC",12/6/2004,1790,N Highland Rd,15241,40.3490290,-80.0521760,Take Out
506,Pizza Parma #3,Pizza Parma Penn Ave LLC,10/15/2002,823,Penn Ave,15222,40.4438900,-79.9985900,Take Out
507,Pizza Pronto,Demirag Inc,12/12/2012,518,California Ave,15202,40.5022090,-80.0706480,Take Out
508,Pizza Pronto,M & J Food Services LLC,4/9/2003,4611,Centre Ave,15213,40.4521870,-79.9516480,Take Out
509,Pizza Roma,,11/23/2005,5990,University Blvd Suite#13,15108,40.5212670,-80.2197770,Take Out
510,Pizza Roma,,4/1/1993,11085,Babcock Blvd,15044,40.6611240,-80.0046640,Take Out
511,Point Park University/Starbucks,Culinart Group LLC,5/20/2016,7,Wood St,15222,40.4376240,-80.0026910,"Breakfast, Drink, Other"
512,Popeyes Louisiana Kitchen,Blacknorange 2 LLC,10/11/2013,1900,Lincoln Hi,15137,40.4489080,-80.1990010,Dollar Menu
513,Popeyes Louisiana Kitchen,Black N Orange3 LLC,12/11/2013,2010,Wharton St,15203,40.4303190,-79.9766870,Dollar Menu
514,Popeyes Louisiana Kitchen,Wilkins Twp Chicken LLC,1/5/2016,3420,Wm Penn Hwy,15235,40.4299880,-79.8132910,Dollar Menu
515,Popeyes Louisiana Kitchen #11352,Black N Orange LLC,11/2/2012,3616,5th Ave,15213,40.4415370,-79.9584180,Dollar Menu
516,Portofino Pizzaria,,6/17/1984,28,W Steuben St,15205,40.4382500,-80.0682380,Take Out
517,Portofino's Pizza,,2/4/2010,231,Main St,15106,40.4088320,-80.0849340,Take Out
518,Qdoba,Brooks Hospitality LLC,11/9/2006,601,Grant St,15222,40.4410930,-79.9960090,NO Dollar Menu
519,Qdoba #487,Brooks Hospitality LLC,4/10/2008,808,Liberty Ave,15222,40.4425160,-79.9987470,NO Dollar Menu
520,Qdoba Mexican Grill,Brooks Hospitality LLC,8/16/2010,1740,Settlers Ridge Center Dr,15205,40.4406410,-80.1491320,NO Dollar Menu
521,Qdoba Mexican Grill,Brooks Hospitality LLC,5/3/2006,4815,Centre Ave,15213,40.4536280,-79.9470260,NO Dollar Menu
522,Qdoba Mexican Grill,Brooks Hospitality,5/31/2007,1028,Freeport Rd,15238,40.4867580,-79.8871660,NO Dollar Menu
523,Qdoba Mexican Grill SSW,Brooks Hospitality LLC,9/13/2004,2777,E Carson St,15203,40.4262640,-79.9657230,NO Dollar Menu
524,Quiznos Subs #8721,Q-Sub Systems LLC,9/25/2006,300,S Craig St,15213,40.4455910,-79.9492400,NO Dollar Menu
525,R & B's Pizza Place,Three Rivers Food LLC,7/5/2006,107,Smithfield St,15222,40.4375250,-80.0005870,Take Out
526,Raya's Pizzeria,Marticonn LLC,9/1/2015,401,Main St,15106,40.4104510,-80.0826440,Take Out
527,Rita's Italian Ice,Nitle Corp,3/1/2011,1803,McKees Rocks Rd,15136,40.4688340,-80.0980070,"Breakfast, Drink, Other"
528,Rita's Italian Ice,Italian Ice Of Pittsburgh Inc,4/22/1999,229,Curry Hollow Rd,15236,40.3372720,-79.9793600,"Breakfast, Drink, Other"
529,Rita's Italian Ice,Northern Ice 2 LLC,3/29/2005,1320,Babcock Blvd,15209,40.4961120,-79.9764430,"Breakfast, Drink, Other"
530,Rita's Italian Ice,DD Ice LLC,6/9/2016,3712,5th Ave,15213,40.4418450,-79.9578820,"Breakfast, Drink, Other"
531,Rita's Italian Ice,K4 Enterprises LLC,9/4/2015,5880,Forbes Ave,15217,40.4377890,-79.9198180,"Breakfast, Drink, Other"
532,Rita's Italian Ice,Icicles Inc,5/14/1999,1985,Lincoln Way,15131,40.3383840,-79.8067110,"Breakfast, Drink, Other"
533,Rita's Italian Ice #0183,RJ Navarro LLC,4/18/2011,5029,Library Rd,15102,40.3401970,-80.0253140,"Breakfast, Drink, Other"
534,Rita's Italian Ice #247,Nitle Corp,3/16/2011,2070,Greentree Rd,15220,40.3922890,-80.0688570,"Breakfast, Drink, Other"
535,Rita's Italian Ice #369,Nitle Corp,3/16/2011,427,McNeilly Rd,15226,40.3831220,-80.0148010,"Breakfast, Drink, Other"
536,Rose Tea Cafe,Rose Tea Cafe Inc,5/7/2004,5874 1/2,Forbes Ave,15217,40.4378250,-79.9200600,"Breakfast, Drink, Other"
537,Rose Tea Cafe Express,Rose Tea Cafe Express LLC,11/30/2012,414,Craig St,15213,40.4448000,-79.9488430,"Breakfast, Drink, Other"
538,Rudy's Submarines,,1/1/2002,270,Yost Blvd,15221,40.4141650,-79.8498560,Take Out
539,Rudy's Subs,Boka Inc,3/12/2002,3942,Wm Penn Hwy,15146,40.4376210,-79.7758460,Take Out
540,Rudy's Subs,,5/2/1989,1794,Golden Mile Hwy,15146,40.4455300,-79.7137310,Take Out
541,Rudys House Of Submarines,,4/1/1968,1920,Monongahela Ave,15218,40.4213160,-79.8900560,Take Out
542,Salud Juicery,Salud Juicery & Health LLC,9/12/2013,348,Beaver St,15143,40.5412760,-80.1820140,"Breakfast, Drink, Other"
543,Salud Juicery,Salud SS LLC,10/7/2014,733,Copeland St,15232,40.4511950,-79.9346100,"Breakfast, Drink, Other"
544,Sammy's Pizza,Aca Enterprises LLC,3/1/2004,2145,Noblestown Rd,15220,40.4301660,-80.0531440,Take Out
545,Sams Cafe #6677,Sam's East Inc,10/26/2005,3621,Wm Penn Hwy,15146,40.4364660,-79.7994690,"Breakfast, Drink, Other"
546,Sbarro Italian Eatery PA#107,Sbarro America Inc,1/7/1986,200,Monroeville Mall,15146,40.4291830,-79.7954590,Take Out
547,Scoops on Beverly,,6/6/2001,311,Beverly Rd,15216,40.3884290,-80.0498200,"Breakfast, Drink, Other"
548,Scoops On The Boulevard,,5/19/2010,719,Brookline Blvd,15226,40.3946410,-80.0207480,"Breakfast, Drink, Other"
549,Shake & Twist,R & T Softserve LLC,3/17/2005,1238,Chartiers Ave,15136,40.4650360,-80.072044,"Breakfast, Drink, Other"
550,Sheraton Station Sq / Station Break-Link Cafe,Pyramid Station Sq Management LLC,12/1/2004,300,W Station Sq Dr,15219,40.4348570,-80.0061790,"Breakfast, Drink, Other"
551,Sichuan Gourmet,Sichuan Gourmet II LLC,7/14/2015,328,Atwood St,15213,40.4388990,-79.9552030,Take Out
552,Sichuan Gourmet,Sichuan Gourmet LLC,9/14/2015,1900,Murray Ave,15217,40.4358110,-79.9231420,Take Out
553,Sincerely Yogurt,Sincerely BF Holding LLC,12/23/2014,511,Beaver St,15143,40.5401030,-80.1799770,"Breakfast, Drink, Other"
554,Sincerely Yogurt,Cokara Corp,2/29/2012,1025,Washington Pike,15017,40.3671630,-80.1101190,"Breakfast, Drink, Other"
555,Sincerely Yogurt,Bitty's McKnight LLC,4/9/2014,4885,McKnight Rd,15237,40.5296160,-80.0100250,"Breakfast, Drink, Other"
556,Sincerely Yogurt,,5/16/2013,5301,Grove Rd,15236,40.3586610,-80.0016520,"Breakfast, Drink, Other"
557,Sincerely Yogurt,,8/15/2012,4116,Brownsville Rd,15219,40.3659960,-79.9819000,"Breakfast, Drink, Other"
558,Sincerely Yogurt,,4/17/2013,2737,E Carson Street,15203,40.4268450,-79.9662800,"Breakfast, Drink, Other"
559,Sincerely Yogurt,Quintox LLC,5/12/2014,3400,5th Ave,15213,40.4391520,-79.9620190,"Breakfast, Drink, Other"
560,Sincerely Yogurt,,3/9/2011,5375,Wm Flynn Hwy,15044,40.6315490,-79.9528450,"Breakfast, Drink, Other"
561,Sincerely Yogurt,Pittsburgh Cloud LLC,4/6/2016,136,Allegheny River Blvd,15147,40.4989330,-79.8184680,"Breakfast, Drink, Other"
562,Sincerely Yogurt,ABS Yogurt N More LLC,4/12/2016,2740,Stroschein Rd,15146,40.4379310,-79.7689550,"Breakfast, Drink, Other"
563,Smoothie King #1274,The Pittsburgh Kingdom #1274LLC,3/2/2016,1025,Washington Pike,15017,40.3671630,-80.1101190,"Breakfast, Drink, Other"
564,Sonic #6036,Pine Village Drive-In LLC,12/10/2008,120,Towne Center Dr,15090,40.6320810,-80.0567210,Dollar Menu
565,Sonic Drive In #5965,NCH Hospitality Inc,10/8/2008,1027,Washington Pike,15017,40.3654360,-80.1096270,Dollar Menu
566,Sonic Drive-In,Frazer Drive-In LLC,9/28/2007,1010,Village Center Dr,15084,40.5683870,-79.8030190,Dollar Menu
567,South Philly Steak & Fries #4813,Philly Steaks & Subs Inc,10/4/2012,301,South Hills Village,15241,40.3426230,-80.0561700,Dollar Menu
568,Sree's Foods,Sree's Food,8/19/2003,701,Smithfield St,15222,40.4430390,-79.9969230,Take Out
569,Sree's Foods,Sree's Foods LLC,11/12/2004,2103,Murray Ave,15217,40.4334970,-79.9229730,Take Out
570,Starbucks,Barnes & Noble Booksellers Inc,4/8/2005,301,South Hills Village,15241,40.3426230,-80.0561700,"Breakfast, Drink, Other"
571,Starbucks,Barnes & Noble Booksellers Inc,9/24/2001,100,W Bridge St,15120,40.4040170,-79.9187510,"Breakfast, Drink, Other"
572,Starbucks,Barnes & Noble Booksellers Inc,10/27/1997,926,Freeport Rd,15238,40.4890460,-79.8936700,"Breakfast, Drink, Other"
573,Starbucks,Barnes & Noble Booksellers Inc,11/20/2004,700,Mall Circle Dr,15146,40.4294000,-79.7907400,"Breakfast, Drink, Other"
574,Starbucks at CCAC Allegheny Campus,Community College of Allegheny County,6/30/2015,845,Ridge Ave,15212,40.4495390,-80.0154000,"Breakfast, Drink, Other"
575,Starbucks Coffee,HMS Host Corp,12/22/2015,,Pgh Int'l Airport / Ac-30,15231,40.4953090,-80.2352910,"Breakfast, Drink, Other"
576,Starbucks Coffee,IX Liberty Center Owners LLC,1/15/2016,1001,Liberty Ave,15222,40.4442090,-79.9946690,"Breakfast, Drink, Other"
577,Starbucks Coffee,Sodexho Management Inc,9/24/1997,4200,5th Ave,15213,40.4442710,-79.9532910,"Breakfast, Drink, Other"
578,Starbuck #0788,Starbuck Coffee Company,1/19/2015,11354,Perrry Hwy,15090,40.6225877,-80.0533809,"Breakfast, Drink, Other"
579,Starbucks #13355,Starbucks Coffee Co,9/19/2007,3145,Banksville Rd,15216,40.3993840,-80.0436430,"Breakfast, Drink, Other"
580,Starbucks #19816 McKnight,Starbucks Coffee Co,4/23/2015,7707,McKnight Rd,15237,40.5465390,-80.0178980,"Breakfast, Drink, Other"
581,Starbucks #21505,Starbucks Coffee Company,12/21/2015,109,Ohio River Blvd,15143,40.5593730,-80.1651850,"Breakfast, Drink, Other"
582,Starbucks #21587,Starbucks Coffee Company,5/23/2014,301,Grant St,15219,40.4381750,-79.9988540,"Breakfast, Drink, Other"
583,Starbucks Coffee #751,Starbucks Coffee Co,3/6/1995,6304,Forbes Ave,15217,40.4377310,-79.9191590,"Breakfast, Drink, Other"
584,Starbucks Coffee #754,Starbucks Coffee Co,3/4/1996,1717,Cochran Rd / Va Manor,15220,40.3926340,-80.0654360,"Breakfast, Drink, Other"
585,Starbucks Coffee #756,Starbucks Coffee Co,5/4/1995,210,6th Ave,15222,40.4426310,-80.0021450,"Breakfast, Drink, Other"
586,Starbucks Coffee #760,Starbucks Coffee Co,12/5/1995,5211,Library Rd,15102,40.3333920,-80.0233120,"Breakfast, Drink, Other"
587,Starbucks Coffee #762,Starbucks Coffee Co,1/18/1996,425,Beaver St,15143,40.5410070,-80.1809490,"Breakfast, Drink, Other"
588,Starbucks Coffee #774,Starbucks Coffee Co,7/30/1997,530,Wm Penn Pl,15219,40.4405950,-79.9965990,"Breakfast, Drink, Other"
589,Starbucks Coffee #776,Starbucks Coffee Co,12/4/1997,4885,McKnight Rd,15237,40.5296160,-80.0100250,"Breakfast, Drink, Other"
590,Starbucks Coffee #778,Starbucks Coffee Co,4/23/1998,730,Copeland St,15232,40.4510350,-79.9350160,"Breakfast, Drink, Other"
591,Starbucks Coffee #784,Starbucks Coffee Co,6/18/1999,7,Market Sq,15222,40.4402100,-80.0021710,"Breakfast, Drink, Other"
592,Starbucks Coffee #787,Starbucks Coffee Co,8/17/1999,3618,Forbes Ave,15213,40.4408750,-79.9575450,"Breakfast, Drink, Other"
593,Starbucks Coffee #793,Starbucks Coffee Co,6/30/2000,1400,E Carson St,15203,40.4286490,-79.9840360,"Breakfast, Drink, Other"
594,Starbucks Coffee #794,Starbucks Coffee Co,1/15/2003,973,Greentree Rd,15220,40.4190530,-80.0455820,"Breakfast, Drink, Other"
595,Starbucks Coffee #795,Starbucks Coffee Co,9/27/2000,4100,Wm Penn Hwy,15146,40.4376310,-79.7668940,"Breakfast, Drink, Other"
596,Starbucks Coffee #2900,Starbucks Coffee Co,11/20/2003,417,S Craig St,15213,40.4447140,-79.9485730,"Breakfast, Drink, Other"
597,Starbucks Coffee #3467,Starbucks Coffee Co,3/16/2004,600,Grant St,15222,40.4412900,-79.9945740,"Breakfast, Drink, Other"
598,Starbucks Coffee #7284,Starbucks Coffee Co,12/10/1996,3460,Wm Penn Hwy,15235,40.4294420,-79.8103540,"Breakfast, Drink, Other"
599,Starbucks Coffee #7625,Starbucks Coffee Co,9/9/2003,5310,Liberty Ave,15224,40.4558620,-79.9395850,"Breakfast, Drink, Other"
600,Starbucks Coffee #7641,Starbucks Coffee Co,3/28/2003,1050,Park Manor Blvd,15205,40.4525480,-80.1644100,"Breakfast, Drink, Other"
601,Starbucks Coffee #7660,Starbucks Coffee Co,2/13/2002,825,Beaver Grade Rd,15108,40.5176550,-80.2161890,"Breakfast, Drink, Other"
602,Starbucks Coffee #7661,Starbucks Coffee Co,9/4/2001,2345,Murray Ave,15217,40.4306660,-79.9230870,"Breakfast, Drink, Other"
603,Starbucks Coffee #7708,Starbucks Coffee Co,12/12/2001,270,West Bridge St,15120,40.4076320,-79.9170640,"Breakfast, Drink, Other"
604,Starbucks Coffee #7732,Starbucks Coffee Co,11/20/2001,100,VIP Dr,15090,40.6166510,-80.0928400,"Breakfast, Drink, Other"
605,Starbucks Coffee #7733,Starbucks Coffee Co,10/24/2001,100,Robinson Center Dr,15205,40.4541240,-80.1611640,"Breakfast, Drink, Other"
606,Starbucks Coffee #7749,Starbucks Coffee Co,3/20/2003,4765,Liberty Ave,15224,40.4611810,-79.9475310,"Breakfast, Drink, Other"
607,Starbucks Coffee #7776,Starbucks Coffee Co,6/5/2002,109,Northtowne Sq 101,15044,40.6358450,-79.9397740,"Breakfast, Drink, Other"
608,Starbucks Coffee #7776,Starbucks Coffee Company,3/25/2016,517,Grandview Crossing,15044,40.6398310,-79.9390710,"Breakfast, Drink, Other"
609,Starbucks Coffee #7875,Starbucks Coffee Co,3/18/2004,1597,Washington Pike,15017,40.3826180,-80.0951260,"Breakfast, Drink, Other"
610,Starbucks Coffee #7887,Starbucks Coffee Co,5/13/2003,202,6th St,15222,40.4425360,-80.0023020,"Breakfast, Drink, Other"
611,Starbucks Coffee #7903,Starbucks Coffee Co,5/28/2003,1500,Washington Rd,15228,40.3569590,-80.0518070,"Breakfast, Drink, Other"
612,Starbucks Coffee #10052,Starbucks Coffee Co,8/2/2005,227,Summit Park Dr,15275,40.4477390,-80.1785020,"Breakfast, Drink, Other"
613,Starbucks Coffee #10521,Starbucks Coffee Co,6/28/2006,5932,Centre Ave,15206,40.4590150,-79.9275630,"Breakfast, Drink, Other"
614,Starbucks Coffee #11147,Starbucks Coffee Co,9/27/2006,2015,Pittsburgh Mills Blvd,15084,40.5702650,-79.8020090,"Breakfast, Drink, Other"
615,Starbucks Coffee #22032,Starbucks Corp,10/8/2015,3007,Washington Pike,15017,40.3544330,-80.1147490,"Breakfast, Drink, Other"
616,Starbucks Coffee #27117 Amos Hall,Starbucks Coffee Company,1/28/2016,4022,5th Ave,15213,40.4436050,-79.9556550,"Breakfast, Drink, Other"
617,Starbucks Coffee Kiosk #19628,Starbucks Coffee Co,4/23/2013,1000,Ross Park Mall Dr,15237,40.5389690,-80.0077110,"Breakfast, Drink, Other"
618,Steak 'N Shake,Steak 'N Shake Inc,7/11/2002,1951,Park Manor Blvd,15205,40.4528160,-80.1657460,NO Dollar Menu
619,Steak 'N Shake,Steak 'N Shake Inc,10/7/2003,410,Clairton Blvd,15236,40.3357310,-79.9481180,NO Dollar Menu
620,Steak 'N Shake,Steak 'N Shake Inc,1/8/2002,650,East Waterfront Dr,15120,40.4134960,-79.9044560,NO Dollar Menu
621,Steak 'N Shake,Steak 'N Shake Inc,8/25/2005,2005,Pittsburgh Mills Blvd,15084,40.5700970,-79.8012210,NO Dollar Menu
622,Steel City Creamery,Steel City Creamery,7/12/2005,317,Pittsburgh Mills Circle,15084,40.5750700,-79.7957940,"Breakfast, Drink, Other"
623,Subway,Bina Inc,4/17/2013,417,7th Ave,15219,40.4425870,-79.9961240,NO Dollar Menu
624,Subway,Baig & Saood Corp,12/8/2009,5301,Grove Rd / Caste Village,15236,40.3380770,-79.9789610,NO Dollar Menu
625,Subway,Manisha Fast Food Inc,11/4/2005,4613,Centre Ave,15213,40.4522060,-79.9515890,NO Dollar Menu
626,Subway,,4/26/2010,500,Grandview Cr,15044,40.6430430,-79.9393600,NO Dollar Menu
627,Subway,Dream Subs Inc,8/12/2013,5438,Centre Ave,15232,40.4562620,-79.9367210,NO Dollar Menu
628,Subway,Tolmer Foods,5/17/2006,133,8th Ave,15120,40.4055990,-79.9132230,NO Dollar Menu
629,Subway,Sahanaa Enterprises Edgewood Inc,1/20/2016,1609,Braddock Ave,15218,40.4272240,-79.8907680,NO Dollar Menu
630,Subway,Hat Trick Company Inc,11/1/2011,410,Lysle Blvd,15132,40.351319,-79.862567,NO Dollar Menu
631,Subway,Aman Tulshar Inc,12/6/2005,100,Walmart Dr,15137,40.3879820,-79.8246590,NO Dollar Menu
632,Subway,Shakti Nonu Inc,11/17/2005,435,Pittsburgh Mills Circle,15084,40.5750700,-79.7957940,NO Dollar Menu
633,Subway #2936,Aman & Nikhil Inc,12/2/2009,11978,Perry Hwy,15090,40.6326280,-80.0584590,NO Dollar Menu
634,Subway #3898,Hat Trick Company,5/2/2016,6210,Grand Ave,15225,40.5136680,-80.1362380,NO Dollar Menu
635,Subway #4640,Prem Shakti LLC,8/22/2013,4706,Rt 8,15101,40.5938780,-79.9469770,NO Dollar Menu
636,Subway #10251,Southwest Subway Inc,12/16/2008,1708,Mt Royal Blvd,15116,40.5255730,-79.9619700,NO Dollar Menu
637,Subway #10396,Southwest Subway Inc,4/19/1995,4028,Beechwood Blvd,15217,40.4271230,-79.9377330,NO Dollar Menu
638,Subway #21001,MS Khara Inc,6/9/2008,526,Penn Ave,15222,40.4423720,-80.0026930,NO Dollar Menu
639,Subway #21414,Kazour's Gourmet Inc,1/5/2007,2771,E Carson St,15203,40.4263450,-79.9658420,NO Dollar Menu
640,Subway #22098,Rohit & Sravya LLC,3/21/2007,1750,Greensburg Pike,15137,40.3874170,-79.8216030,NO Dollar Menu
641,Subway #24678,Faten LLC,6/7/2012,454,Home Dr,15275,40.4509510,-80.1825130,NO Dollar Menu
642,Subway #25081,Amar Charanjit Inc,1/1/2016,2020,Ardmore Blvd,15221,40.4211426,-79.8532695,NO Dollar Menu
643,Subway #25122,Jaspal LLC,6/28/2013,1926,Murray Ave,15217,40.4352060,-79.9230900,NO Dollar Menu
644,Subway #25123,Gonala Ent Inc,3/4/2002,5990,University Blvd,15108,40.5212670,-80.2197770,NO Dollar Menu
645,Subway #25126,Nitesh LLC,5/29/2002,100,Robinson Center Drive / Sp Fc3 - Robinson Mall,15205,40.4417700,-80.0870150,NO Dollar Menu
646,Subway #25629,Tolmer Foods Inc,5/3/2005,1305,Pittsburgh St,15024,40.5413900,-79.8020430,NO Dollar Menu
647,Subway #27602,Ujagar inc,1/15/2014,1701,Lincoln Hwy,15137,40.3719620,-79.7869440,NO Dollar Menu
648,Subway #28038,Udai LLC,7/29/2003,200,Monroeville Mall,15146,40.4291830,-79.7954590,NO Dollar Menu
649,Subway #28390,MG Enterprises Inc,5/22/2003,4778,Liberty Ave,15224,40.4605930,-79.9475650,NO Dollar Menu
650,Subway #28784,SW28784 Inc,8/8/2003,6270,Library Rd,15102,40.2924630,-80.0310090,NO Dollar Menu
651,Subway #29532,Southwest Subway Inc,6/12/2003,124,Grant Ave,15209,40.4784910,-79.9701040,NO Dollar Menu
652,Subway #30056,Bajwa J N Inc,6/23/2006,1343,W Liberty Ave,15226,40.4111880,-80.0125180,NO Dollar Menu
653,Subway #31330,Tolmer Foods Inc,5/1/2005,4400,Old Wm Penn Hwy,15146,40.4452410,-79.7648450,NO Dollar Menu
654,Subway #31579,M & N Corporation,4/8/2015,400,Ohio St,15212,40.4534390,-80.0015000,NO Dollar Menu
655,Subway #31930,Ausdar LLC,1/2/2007,1160,B Washington Ave,15106,40.3974540,-80.0852970,NO Dollar Menu
656,Subway #32741,Miller & Shotsberger Inc,3/26/2004,3147,Banksville Rd,15237,40.3992800,-80.0438150,NO Dollar Menu
657,Subway #32742,Amrik LLC,2/29/2016,7700,Penn Ave,15221,40.4463550,-79.8937660,NO Dollar Menu
658,Subway #32870,Tolmer Foods Inc,6/25/2004,1325,Hoffman Blvd,15122,40.3838310,-79.8687190,NO Dollar Menu
659,Subway #33633,Aman & Nikhil Inc,9/17/2013,2619,Wexford Bayne Rd,15143,40.6147880,-80.0986560,NO Dollar Menu
660,Subway #34651,Tolmer Foods Inc,12/30/2009,4526,Broadway Blvd,15146,40.3900840,-79.7671560,NO Dollar Menu
661,Subway #35112,Sahanaa Enterprises of Monroeville Inc,11/24/2007,4145,Wm Penn Hwy,15146,40.4394160,-79.7659290,NO Dollar Menu
662,Subway #35690,Hat Trick Company Inc,11/3/2011,101,Station Sq Dr,15219,40.4324460,-80.0040390,NO Dollar Menu
663,Subway #36717,Jaiveer I Jasraj LLC,11/17/2011,300,Walmart Dr,15044,40.6230440,-79.9464930,NO Dollar Menu
664,Subway #36783,Fareed LLC,11/5/2015,2200,Washington Pike,15106,40.3866530,-80.0961830,NO Dollar Menu
665,Subway #39339,Tolmer Foods Inc,4/13/2007,995,Greensburg Pike,15221,40.4165960,-79.8400470,NO Dollar Menu
666,Subway #39841,M & N Corporation,11/10/2009,,Pgh Intl Airport / Ne-2,15231,40.4953090,-80.2352910,NO Dollar Menu
667,Subway #40231 (Wal-Mart),Miller & Shotsberger,8/29/2006,5055,Library Rd,15102,40.3388300,-80.0245750,NO Dollar Menu
668,Subway #41022,Miller & Shotsberger Inc,2/21/2007,219,Shiloh St,15211,40.4300930,-80.0071810,NO Dollar Menu
669,Subway #42119,Submanagement Inc,2/4/2008,100,Highlands Mall,15065,40.6466950,-79.7131200,NO Dollar Menu
670,Subway #44309,,9/26/2008,322,Curry Hollow Rd,15236,40.3375800,-79.9766300,NO Dollar Menu
671,Subway #48584,M & N Corp,2/5/2010,,Pgh Intl Airport / Se-15,15231,40.4953090,-80.2352910,NO Dollar Menu
672,Subway #50151,SW 50151 Inc,11/14/2011,2880,Industrial Bo,15102,40.3278410,-80.0385940,NO Dollar Menu
673,Subway #54217,Tolmer Foods,7/20/2012,1035,5th Ave,15219,40.4388800,-79.9894850,NO Dollar Menu
674,Subway #58298,Sunny Nikhil Inc,3/14/2013,537,Beaver St,15143,40.5395050,-80.1792300,NO Dollar Menu
675,Subway #58836,Sancar LLC,9/24/2013,4721,McKnight Rd,15237,40.5178050,-80.0057050,NO Dollar Menu
676,Subway #59528,,10/15/2013,4313,Walnut St,15132,40.3221360,-79.8339710,NO Dollar Menu
677,Subway #59964,Hat Trick Company Inc,4/9/2014,1212,E Carson Street,15203,40.4285810,-79.9858140,NO Dollar Menu
678,Subway #61053,,3/24/2015,1846,Centre Ave,15219,40.4426410,-79.9821510,NO Dollar Menu
679,Subway #61470,Subway Sandwiches & Salads Inc,5/30/2014,84,Allegheny River Blvd,15147,40.4972340,-79.8441780,NO Dollar Menu
680,Subway #65130,Shakti & Nonu Inc,6/4/2015,550,Butler St,15223,40.5007960,-79.9434290,NO Dollar Menu
681,Subway #65416,Syed Holdings LLC,10/27/2015,48,Monongahela Ave,15045,40.3347100,-79.8909860,NO Dollar Menu
682,Subway Salads & Sandwiches,Kharabeam LLC,2/10/2011,3336,Babcock Blvd,15237,40.5344400,-80.0187670,NO Dollar Menu
683,Subway Salads & Sandwiches,Hat Trick Company Inc,6/22/2012,2373,Mountain View Dr,15122,40.3450260,-79.9471410,NO Dollar Menu
684,Subway Salads & Sandwiches,Tolmer Foods Inc,6/27/2005,119,22nd Ave,15120,40.3980550,-79.9018750,NO Dollar Menu
685,Subway Salads & Sandwiches #25920,Tolmer Foods Inc,6/29/2011,517,McNeilly Rd,15226,40.3829450,-80.0174150,NO Dollar Menu
686,Subway Salads & Sandwiches #44133,Harrison & Harrison LLC,10/11/2011,1500,5th Ave,15132,40.3513430,-79.8494570,NO Dollar Menu
687,Subway Salads & Sandwiches #56580,,9/14/2012,264,Mt Nebo Pointe Dr,15237,40.5348910,-80.0681990,NO Dollar Menu
688,Subway Sandwich & Salads,Nonu Inc,8/31/2005,1039,Freeport Rd,15238,40.4883390,-79.8855190,NO Dollar Menu
689,Subway Sandwiches,Jeet Subs,12/24/2009,112,Chartiers Ave,15136,40.4656020,-80.0555860,NO Dollar Menu
690,Subway Sandwiches,McIntyre Subway LLC,12/20/2001,7900,McKnight Rd,15237,40.5527940,-80.0154170,NO Dollar Menu
691,Subway Sandwiches & Salads,,8/10/2000,500,Pine Hollow Rd Kenmawr Plaza,15136,40.4693950,-80.1149410,NO Dollar Menu
692,Subway Sandwiches & Salads,,6/11/1991,39,Walsh Rd,15205,40.4401230,-80.0710730,NO Dollar Menu
693,Subway Sandwiches & Salads,,8/1/1991,2351,Noblestown Rd,15205,40.4268150,-80.0551370,NO Dollar Menu
694,Subway Sandwiches & Salads,Armaan LLC,10/24/2003,950,Ridge Ave,15212,40.4500890,-80.0181630,NO Dollar Menu
695,Subway Sandwiches & Salads,Himbaugh Littman Corp,6/13/2001,3,Market Pl,15222,40.4402280,-80.0025910,NO Dollar Menu
696,Subway Sandwiches & Salads,Himebaugh-Littmann Corp,10/22/1990,401,Wood St,15222,40.4395780,-80.0012890,NO Dollar Menu
697,Subway Sandwiches & Salads,Himebaugh Littmann,2/26/2007,703,Liberty Ave,15222,40.4427510,-79.9997100,NO Dollar Menu
698,Subway Sandwiches & Salads,Bina Inc,1/18/2002,414,Smithfield St,15222,40.4390380,-79.9991030,NO Dollar Menu
699,Subway Sandwiches & Salads,Bina Inc,9/1/2009,225,Ross St,15219,40.4370000,-79.9970910,NO Dollar Menu
700,Subway Sandwiches & Salads,Miller & Scotsberger Inc,10/24/2002,2158,Brownsville Rd,15210,40.3919560,-79.9874080,NO Dollar Menu
701,Subway Sandwiches & Salads,Bina Inc,1/26/2004,4142,Saw Mill Run Blvd,15227,40.3760660,-79.9696280,NO Dollar Menu
702,Subway Sandwiches & Salads,Shaum Inc,2/17/2005,4017,Butler St,15201,40.4692820,-79.9618490,NO Dollar Menu
703,Subway Sandwiches & Salads,D&J Subs LLC,2/19/2008,3707,Forbes Ave,15213,40.4413270,-79.9575460,NO Dollar Menu
704,Subway Sandwiches & Salads,Naspal Bros Inc,7/21/2004,418,S Craig St,15213,40.4447570,-79.9489530,NO Dollar Menu
705,Subway Sandwiches & Salads,Pittsburghs Sandwiches Inc,5/11/2005,751,Pittsburgh / McKeesport Blvd,15034,40.3555880,-79.8988780,NO Dollar Menu
706,Subway Sandwiches & Salads,,11/14/2000,201,Allegheny Ave,15139,40.5141960,-79.8439610,NO Dollar Menu
707,Subway Sandwiches & Salads,Sahanaa Enterprises Inc,1/9/2008,11667,Penn Hills Dr,15235,40.4649690,-79.8267000,NO Dollar Menu
708,Subway Sandwiches & Salads,Pardeep Inc,11/27/1995,1732,Pacific Ave,15065,40.6232400,-79.7237890,NO Dollar Menu
709,Subway Sandwiches & Salads #2685,Virk Goraya Inc,6/1/2006,4136,Library Rd,15234,40.3591150,-80.0291730,NO Dollar Menu
710,Subway Sandwiches & Salads #2849,Sumesh LLC,6/19/2007,308,Cochran Rd,15228,40.3808030,-80.0525600,NO Dollar Menu
711,Subway Sandwiches & Salads #3505,,5/18/1990,809,West View Park Dr,15229,40.5169060,-80.0327900,NO Dollar Menu
712,Subway Sandwiches & Salads #6338,Natasha LLC,1/10/2003,700,Forbes Ave,15219,40.4382020,-79.9922850,NO Dollar Menu
713,Subway Sandwiches & Salads #15051,Vaidova / Khara LLC,8/30/2006,150,Market Place Dr,15071,40.4413480,-80.2396490,NO Dollar Menu
714,Subway Sandwiches & Salads #18944,Hat Trick Company Inc,6/25/2012,971,Ohio River Blvd,15202,40.4974530,-80.0603440,NO Dollar Menu
715,Subway Sandwiches & Salads #20844,Tolmer Foods Inc,12/13/2002,55,Alpha Dr,15238,40.5389040,-79.8355630,NO Dollar Menu
716,Subway Sandwiches & Salads #24670,Aman & Nikhil Inc,10/5/2006,9805,McKnight Rd,15237,40.5847060,-80.0396430,NO Dollar Menu
717,Subway Sandwiches & Salads #24919,Anmoal LLC,3/5/2007,583,Clairton Blvd,15236,40.3332260,-79.9462400,NO Dollar Menu
718,Subway Sandwiches & Salads #26939,,8/28/2002,930,Presque Isle Dr,15239,40.4624080,-79.7064990,NO Dollar Menu
719,Subway Sandwiches & Salads #29207,Punj Star Management,6/3/2008,1025,Washington Pike,15017,40.3671630,-80.1101190,NO Dollar Menu
720,Subway Sandwiches & Salads #36480,Viru Goyaya Inc,6/1/2006,300,Mt Lebanon Blvd,15234,40.3687070,-80.0348160,NO Dollar Menu
721,Subway Sandwiches & Salads #58293,AV Subs LLC,4/3/2013,5500,Butler St,15201,40.4834340,-79.9489210,NO Dollar Menu
722,Subway Sandwiches #21685,Sunny & Nikhil lnc,3/3/2000,10,Village Dr,15056,40.5577960,-80.2042260,NO Dollar Menu
723,Subway Sandwiches #27505,Mrad Barwad LLC,11/20/2015,3446,William Penn Hwy,15235,40.4291650,-79.8110710,NO Dollar Menu
724,Subway Sandwiches #28039,Sumedha LLC,6/27/2003,301,South Hills Village,15241,40.3426230,-80.0561700,NO Dollar Menu
725,Subway Sandwiches #28040,Nikita Nagpal LLC,11/23/2015,1000,Ross Park Mall Dr,15237,40.5389690,-80.0077110,NO Dollar Menu
726,Subway Sandwiches #30671,Sid Hu Subs LLC,11/5/2008,7343,Saltsburg Rd,15235,40.4781350,-79.7858900,NO Dollar Menu
727,Subway Sandwiches #37037,Tolmer Foods,6/20/2007,930,Penn Ave,15222,40.4438780,-79.9968620,NO Dollar Menu
728,Sushi Fuku,Sushi Fuku LLC,8/15/2012,120,Oakland Ave,15213,40.4416640,-79.9573660,Take Out
729,Sushi Fuku #2,Sushi Fuku LLC,5/4/2015,417,Craig St,15213,40.4546090,-79.9540190,Take Out
730,Sushic @ Giant Eagle #40,Sushic GE LLC,4/18/2015,5550,Centre Ave,15232,40.4565370,-79.9344340,Take Out
731,Sushic@ Giant Eagle #43,Sushic GE LLC,12/18/2015,155,Town Center Dr,15090,40.6321700,-80.0543120,Take Out
732,Taco Bell /Pizza Hut Express #31620,Charter Central LLC,7/15/2015,825,Freeport Rd,15215,40.4871860,-79.8950710,Dollar Menu
733,Taco Bell #5594,Nordic Corp,11/17/1998,4032,Wm Penn Hwy,15146,40.4383460,-79.7679080,Dollar Menu
734,Taco Bell #5656,Nordic Corp,11/19/1998,2300,Ardmore Blvd,15221,40.4167780,-79.8486940,Dollar Menu
735,Taco Bell #15608,Nordic Corp,1/1/1985,2802,Jacks Run Rd,15131,40.3376680,-79.8070200,Dollar Menu
736,Taco Bell #026113,Charter Foods Inc,1/7/2010,2050,Lebanon Church Rd,15122,40.3479350,-79.9477930,Dollar Menu
737,Taco Bell #26114,Charter Foods North,7/27/2009,4801,McKnight Rd,15237,40.5228280,-80.0065310,Dollar Menu
738,Taco Bell #26115,Charter Foods North LLC,7/30/2009,1690,Cochran Rd,15220,40.3928810,-80.0630260,Dollar Menu
739,Taco Bell #26116,Charter Foods North LLC,7/28/2009,2343,Noblestown Rd,15205,40.4272370,-80.0541730,Dollar Menu
740,Taco Bell #26117,Charter Foods North LLC,7/27/2009,1025,Washington Pike,15017,40.3671630,-80.1101190,Dollar Menu
741,Taco Bell #27626,Aarsand & Co LLC,3/5/2012,705,Allegheny Ave,15233,40.4497930,-80.0187140,Dollar Menu
742,Taco Bell #31614,Charter Central LLC,6/10/2015,1603,Braddock Ave,15218,40.4266660,-79.8886810,Dollar Menu
743,Taco Bell #31615,Charter Central LLC,7/28/2015,100,Northtowne Sq,15044,40.6374100,-79.9395130,Dollar Menu
744,Target / Food Avenue Express #1217,Target Corp,10/1/1999,600,Chauvet Dr,15275,40.4463070,-80.1835710,"Breakfast, Drink, Other"
745,Target / Food Avenue Express #1218,Target Corp,8/10/1999,9805,McKnight Rd,15237,40.5847060,-80.0396430,"Breakfast, Drink, Other"
746,Target / Food Avenue Express #1219,Target Corp,8/19/1999,4004,Monroeville Blvd,15146,40.4339580,-79.7726570,"Breakfast, Drink, Other"
747,Target / Food Avenue Express #2077,Target Stores,1/17/2006,288,Mt Nebo Pointe Dr,15237,40.5356910,-80.0685460,"Breakfast, Drink, Other"
748,Target / Food Avenue Express #2385,Target Corp,3/1/2008,2661,Freeport Rd,15238,40.5383770,-79.8365440,"Breakfast, Drink, Other"
749,Target #2201,Target Corporation,8/24/2006,4801,McKnight Rd,15237,40.5228280,-80.0065310,"Breakfast, Drink, Other"
750,Target #2262,Target,6/22/2007,550,Grandview Crossing Dr,15044,40.6418280,-79.9418420,"Breakfast, Drink, Other"
751,Target Cafe / Starbucks #1253,Target Corporation,1/27/2000,360,E Waterfront Dr,15120,40.4104030,-79.9099350,"Breakfast, Drink, Other"
752,Target Cafe / Starbucks #2787,Target Stores,2/7/2013,201,South Hills Village,15241,40.3401350,-80.0548020,"Breakfast, Drink, Other"
753,Target Cafe #1270,Target Corp,8/28/2000,1717,Lebanon Church Rd,15122,40.3480580,-79.9487880,"Breakfast, Drink, Other"
754,Target Cafe #2757,Target,8/24/2011,6231,Penn Ave,15206,40.4609000,-79.9213110,"Breakfast, Drink, Other"
755,Tenders,Tenders Pittsburgh Inc,2/12/2015,121,Oakland Ave,15213,40.4418640,-79.9571230,"Breakfast, Drink, Other"
756,The Apple Core Cafe / AETNA,Flik International,3/8/2002,730,Holiday Drive / Foster Plaza #8,15220,40.4219880,-80.0637580,"Breakfast, Drink, Other"
757,The Bagel Factory,Pittsburgh Bagel Factory Inc,8/23/2012,420,Craig St,15213,40.4546050,-79.9534650,"Breakfast, Drink, Other"
758,The Bagel Factory,The Pittsburgh Bagel Factory Inc,7/31/1998,5825,Ellsworth Ave,15232,40.4567780,-79.9302000,"Breakfast, Drink, Other"
759,The Bagel Factory,Pittsburgh Bagel Factory Inc,3/30/2004,5885,Forbes Ave,15217,40.4382780,-79.9199530,"Breakfast, Drink, Other"
760,The Coffee Tree Roasters,The Coffee Tree Roasters Inc,7/8/1996,299,Beverly Rd,15216,40.3887320,-80.0496340,"Breakfast, Drink, Other"
761,The Coffee Tree Roasters,The Coffee Tree Rstrs-plh,3/13/2013,10,Old Clairton Rd,15236,40.3398120,-79.9654560,"Breakfast, Drink, Other"
762,The Coffee Tree Roasters,The Coffee Tree Roasters Inc,12/1/2003,5524,Walnut St,15232,40.4512520,-79.9327270,"Breakfast, Drink, Other"
763,The Coffee Tree Roasters,The Coffee Tree Roasters Corp,6/29/1993,5840,Forbes Ave,15217,40.4378090,-79.9213260,"Breakfast, Drink, Other"
764,The Coffee Tree Roasters,Bakery Square Coffee LLC,6/21/2010,151,Bakery Square Blvd,15206,40.4563520,-79.9155180,"Breakfast, Drink, Other"
765,The Coffee Tree Roasters,FXC-CTR Coffee LLC,9/29/2011,48,Fox Chapel Rd,15238,40.4884550,-79.8826500,"Breakfast, Drink, Other"
766,The Court St. Cafe at Dicks Sporting Goods,Guckenheimer Services LLC,12/15/2009,345,Court St,15108,40.5076310,-80.2658320,"Breakfast, Drink, Other"
767,The Meadows Original Frozen Custard,Le Nostre Ragazze LLC,5/28/2015,4329,Northern Pike,15146,40.4345710,-79.7505090,"Breakfast, Drink, Other"
768,The Pita Pit,DCM Holdings Inc,11/20/2006,2763,E Carson St,15203,40.4264800,-79.9660390,Take Out
769,The Pizza Co,,9/11/1995,3502,Main St,15120,40.3857190,-79.9032930,Take Out
770,The Pizza Company,JSH Inc,7/8/2005,4101,Library Rd,15234,40.3607690,-80.0283720,Take Out
771,The Pizza Company,The Pizza Company Inc,8/14/2003,5200,Brownsville Rd,15236,40.3432260,-79.9855940,Take Out
772,The Pizza Company,,3/23/2007,1711,Clairton Rd,15122,40.3289920,-79.9322570,Take Out
773,The Pizza Company #6,,12/3/2013,3050,Churchview Ave,15227,40.3855740,-79.9676780,Take Out
774,The Simple Greek,RVJ Enterprises LLC,3/4/2011,665,Washington Rd,15228,40.3812670,-80.0439850,Take Out
775,Uncle Sam's Gourmet Subs,Local Dive Restaurants,6/19/1997,5808,Forbes Ave,15217,40.4378590,-79.9224960,Take Out
776,Uncle Sam's Sandwich Bar,Subluxx Inc,1/6/2016,936,Freeport Rd,15238,40.4886220,-79.8921790,Take Out
777,Uncle Sam's Subs,Uncle Sam's Inc,8/4/1986,210,Oakland Ave,15213,40.4411900,-79.9567940,Take Out
778,V3 Pizza,Ablak Holdings / Supremacy LLC,9/4/2015,11,5th Ave,15222,40.4423130,-80.0029780,Take Out
779,Villa Pizza,Villa Enterprises Mgmt,7/1/2005,449,Pittsburgh Mills Circle,15084,40.5750700,-79.7957940,Take Out
780,Villa Pizza #4801,International Villa II Inc,10/23/2001,100,Robinson Center Drive / 2556 Robinson Mall,15205,40.4417700,-80.0870150,Take Out
781,Vocelli Pizza,M & K Pizza LLC,1/17/2014,935,Beaver Grade Rd,15108,40.5113290,-80.2129090,Take Out
782,Vocelli Pizza,M & K Pizza LLC,1/31/2014,422,Walnut St,15143,40.5405210,-80.1820900,Take Out
783,Vocelli Pizza,Brooks Enterprise LLC,2/1/2010,3060,Liberty Ave,15216,40.3920560,-80.0382880,Take Out
784,Vocelli Pizza,,4/28/2010,1019,Mt Royal Blvd,15223,40.5172680,-79.9593800,Take Out
785,Vocelli Pizza,Champion 99 LLC,8/11/2010,4896,Wm Flynn Hwy,15101,40.5711910,-79.9528450,Take Out
786,Vocelli Pizza,Pizza Outlet Inc,10/7/1993,4740,Baum Blvd,15213,40.4539380,-79.9488430,Take Out
787,Vocelli Pizza,Perciner Wadsworth Inc,9/30/1994,4235,Murray Ave,15217,40.4221960,-79.9285970,Take Out
788,Vocelli Pizza,,11/1/2013,231,Commercial Ave,15215,40.4902410,-79.9037640,Take Out
789,Vocelli Pizza,Pizza Outlet Inc,3/11/1997,2011,Waverly St,15218,40.4220250,-79.8862050,Take Out
790,Vocelli Pizza,TAC Food SUC Inc,4/6/2007,201,Allegheny Ave,15139,40.5141960,-79.8439610,Take Out
791,Vocelli Pizza,C & C Food Services Inc,3/4/1998,11745,Frankstown Rd,15235,40.4678380,-79.8255870,Take Out
792,Vocelli Pizza / Robinson,Kuttler Inc,1/3/2006,5644,Steubenville Pike,15136,40.4517570,-80.1315480,Take Out
793,Vocelli Pizza #1,Vocelli Pizza LP,2/9/2004,1687,Washington Rd,15228,40.3518930,-80.0502780,Take Out
794,Vocelli's Pizza #10,Moore Pizza,8/16/2010,617,Brownsville Rd,15210,40.4102750,-79.9900680,Take Out
795,Vocelli Pizza #19,Balfe Inc,4/9/2014,1130,Perry Highway,15237,40.5478340,-80.0356570,Take Out
796,Vocelli Pizza #30,Vocelli Pizza Inc,2/11/2014,1025,Washington Pike,15017,40.3671630,-80.1101190,Take Out
797,Vocelli Pizza #35,D - T Food Services Inc,5/10/2010,1786,Golden Mile Hwy,15146,40.4452750,-79.7129460,Take Out
798,Vocelli Pizza #74,MJ Coffield LLC,9/2/2010,2101,Greentree Rd,15220,40.3905630,-80.0724220,Take Out
799,Vocelli Pizza #104,P & A Pizza LLC,7/9/1998,691,Clairton Blvd,15236,40.3233550,-79.9566720,Take Out
800,Walid's Hook Fish & Chicken #2,Walid Ifraiwan,11/25/2015,1303,Brownsville Rd,15210,40.4027200,-79.9893210,NO Dollar Menu
801,"Walid's Hook, Fish & Chicken",,10/12/2015,1000,Chartiers Ave,15220,40.4441880,-80.0405940,NO Dollar Menu
802,Wendy's #546,Primary Aim LLC,2/24/2016,1125,Washington Pike,15017,40.3680360,-80.1041550,Dollar Menu
803,Wendy's #576,Primary Aim LLC,10/15/2015,7317,McKnight Rd,15237,40.5380470,-80.0118810,Dollar Menu
804,Wendy's #577,Primary Aim LLC,10/21/2015,802,West View Park Dr,15229,40.5176810,-80.0321490,Dollar Menu
805,Wendy's Old Fashioned Hamburger's,Primary Aim LLC,2/24/2016,1015,Ohio River Blvd,15202,40.4974530,-80.0603440,Dollar Menu
806,Wendy's Old Fashioned Hamburger's,Primary Aim LLC,3/1/2016,603,Clairton Blvd,15236,40.3310160,-79.9451930,Dollar Menu
807,Wendy's Old Fashioned Hamburgers,Primary Aim LLC,2/18/2016,9,Quaker Village Shopping Center Dr,15056,40.5615320,-80.2053460,Dollar Menu
808,Wendy's Old Fashioned Hamburgers,Primary Aim LLC,2/11/2016,6296,Steubenville Pike,15205,40.4474530,-80.1534680,Dollar Menu
809,Wendy's Old Fashioned Hamburgers,Primary Aim LLC,2/18/2016,1705,Pine Hollow Rd,15136,40.4755500,-80.0994740,Dollar Menu
810,Wendy's Old Fashioned Hamburgers,Primary Aim LLC,2/18/2016,1660,Cochran Rd,15220,40.3928020,-80.0620980,Dollar Menu
811,Wendy's Old Fashioned Hamburgers,Primary Aim LLC,2/22/2016,5055,Library Rd,15102,40.3388300,-80.0245750,Dollar Menu
812,Wendy's Old Fashioned Hamburgers,Primary Aim LLC,2/10/2016,2410,Liberty Ave,15226,40.4002650,-80.0241510,Dollar Menu
813,Wendy's Old Fashioned Hamburgers,Primary Aim LLC,2/23/2016,725,Allegheny Ave,15233,40.4502430,-80.0189010,Dollar Menu
814,Wendy's Old Fashioned Hamburgers,Primary Aim LLC,2/18/2016,4031,Clairton Blvd,15227,40.3760660,-79.9696280,Dollar Menu
815,Wendy's Old Fashioned Hamburgers,Primary Aim LLC,10/21/2015,106,Northtowne Sq,15044,40.6378600,-79.9393740,Dollar Menu
816,Wendy's Old Fashioned Hamburgers,Primary Aim LLC,10/21/2015,1703,Braddock Ave,15218,40.4254150,-79.8880020,Dollar Menu
817,Wendy's Old Fashioned Hamburgers #502,Primary Aim LLC,1/14/2015,1830,Broadview Blvd,15065,40.624189,-79.7232720,Dollar Menu
818,Wendy's Old Fashioned Hamburgers #505,Primary Aim LLC,1/12/2015,500,Lincoln Hwy,15137,40.4507920,-80.1993460,Dollar Menu
819,Wendy's Old Fashioned Hamburgers #506,Primary Aim LLC,1/14/2015,2396,Golden Mile Hwy,15239,40.4631440,-79.7050180,Dollar Menu
820,Wendy's Old Fashioned Hamburgers #508,Primary Aim LLC,1/14/2015,610,William Marks Dr,15120,40.4093140,-79.8986930,Dollar Menu
821,Wendy's Old Fashioned Hamburgers #509,Primary Aim LLC,1/20/2015,3990,Wm Penn Hwy,15146,40.4380980,-79.7718390,Dollar Menu
822,Wendy's Old Fashioned Hamburgers #510,Primary Aim LLC,1/26/2015,5076,Wm Penn Hwy,15146,40.4274960,-79.7056930,Dollar Menu
823,Wendy's Old Fashioned Hamburgers #511,Primary Aim LLC,1/2/2015,2805,Jacks Run Rd,15131,40.3379770,-79.8086280,Dollar Menu
824,Wendy's Old Fashioned Hamburgers #520,Primary Aim LLC,2/24/2016,4001,Butler St,15201,40.4691080,-79.9623260,Dollar Menu
825,Wendy's Old Fashioned Hamburgers #521,Primary Aim LLC,2/1/2016,208,Rodi Rd,15235,40.4637310,-79.8244530,Dollar Menu
826,Wendy's Old Fashioned Hamburgers #522,Primary Aim LLC,10/21/2015,116,Peebles St,15221,40.4461700,-79.8931950,Dollar Menu
827,Wendy's Old Fashioned Hamburgers #526,Primary Aim LLC,10/21/2015,3410,Wm Penn Hwy,15235,40.4300500,-79.8140920,Dollar Menu
828,Wendy's Old Fashioned Hamburgers #527,Primary Aim LLC,2/24/2016,5422,Baum Blvd,15224,40.4569970,-79.9374520,Dollar Menu
829,Wendy's Old Fashioned Hamburgers #528,Primary Aim LLC,1/27/2016,891,Freeport Rd,15238,40.4869320,-79.8906320,Dollar Menu
830,Wendy's Old Fashioned Hamburgers #529,Primary Aim LLC,2/24/2016,2691,Freeport Rd,15238,40.5380930,-79.8354230,Dollar Menu
831,Wendy's Old-Fashioned Hamburgers #524,Primary Aim LLC,2/10/2016,4524,Browns Hill Rd,15217,40.4163380,-79.9252520,Dollar Menu
832,Wendy's Old-Fashioned Hamburgers #541,Primary Aim LLC,1/12/2016,2280,Lebanon Church Rd,15122,40.3484060,-79.9397630,Dollar Menu
833,Wendy's Old Fashioned Hamburgers #574,Primary Aim LLC,10/19/2015,10810,Perry Hwy,15090,40.6156611,-80.0548015,Dollar Menu
834,Wendy's Old Fashioned Hamburgers #2360,Primary Aim LLC,12/18/2015,8703,University Blvd,15108,40.5060200,-80.2225620,Dollar Menu
835,Wing Stop,Wing Stop Corp,1/15/2015,1324,Carson St,15203,40.4286260,-79.9842570,Take Out
836,Wing Stop #827,Pittsburgh Wings #1 LLC,10/28/2015,13,Foster Ave,15205,40.4410960,-80.0691460,Take Out
837,Wings Over Pittsburgh,Pittwings LLC,7/5/2013,2525,Carson St,15203,40.4278120,-79.9691160,Take Out
838,Ye Allegheny Sandwich Shop,,6/17/1984,822,Western Ave,15233,40.4524660,-80.0151190,Take Out
